epoch,step,train/cardinality_error,train/cardinality_error_0,train/cardinality_error_1,train/cardinality_error_2,train/cardinality_error_enc,train/class_error,train/loss,train/loss_bbox,train/loss_bbox_0,train/loss_bbox_1,train/loss_bbox_2,train/loss_bbox_enc,train/loss_ce,train/loss_ce_0,train/loss_ce_1,train/loss_ce_2,train/loss_ce_enc,train/loss_giou,train/loss_giou_0,train/loss_giou_1,train/loss_giou_2,train/loss_giou_enc,train/lr,train/lr_max,train/lr_min,val/AP/alligator_crack,val/AP/longitudinal_crack,val/AP/pothole,val/AP/transverse_crack,val/F1,val/cardinality_error,val/cardinality_error_0,val/cardinality_error_1,val/cardinality_error_2,val/cardinality_error_enc,val/class_error,val/ema_mAP_50,val/ema_mAP_50_95,val/ema_mAR,val/loss,val/loss_bbox,val/loss_bbox_0,val/loss_bbox_1,val/loss_bbox_2,val/loss_bbox_enc,val/loss_ce,val/loss_ce_0,val/loss_ce_1,val/loss_ce_2,val/loss_ce_enc,val/loss_giou,val/loss_giou_0,val/loss_giou_1,val/loss_giou_2,val/loss_giou_enc,val/mAP_50,val/mAP_50_95,val/mAP_75,val/mAR,val/precision,val/recall
0,49,,,,,,,,,,,,,,,,,,,,,,,9.999986650655046e-05,9.999986650655046e-05,3.2325599477189826e-06,,,,,,,,,,,,,,,,,,,,,,,,,,,,,,,,,,,,
0,99,,,,,,,,,,,,,,,,,,,,,,,9.999946632888168e-05,9.999946632888168e-05,3.2325469874194823e-06,,,,,,,,,,,,,,,,,,,,,,,,,,,,,,,,,,,,
0,149,,,,,,,,,,,,,,,,,,,,,,,9.999878966482356e-05,9.999878966482356e-05,3.2325249321729643e-06,,,,,,,,,,,,,,,,,,,,,,,,,,,,,,,,,,,,
0,199,,,,,,,,,,,,,,,,,,,,,,,9.99978365143761e-05,9.99978365143761e-05,3.2324942367267795e-06,,,,,,,,,,,,,,,,,,,,,,,,,,,,,,,,,,,,
0,249,,,,,,,,,,,,,,,,,,,,,,,9.999661415349692e-05,9.999661415349692e-05,3.2324546737072524e-06,,,,,,,,,,,,,,,,,,,,,,,,,,,,,,,,,,,,
0,299,,,,,,,,,,,,,,,,,,,,,,,9.99951153062284e-05,9.99951153062284e-05,3.232406243114383e-06,,,,,,,,,,,,,,,,,,,,,,,,,,,,,,,,,,,,
0,349,,,,,,,,,,,,,,,,,,,,,,,9.999334724852815e-05,9.999334724852815e-05,3.2323491723218467e-06,,,,,,,,,,,,,,,,,,,,,,,,,,,,,,,,,,,,
0,399,,,,,,,,,,,,,,,,,,,,,,,9.999130270443857e-05,9.999130270443857e-05,3.2322830065822927e-06,,,,,,,,,,,,,,,,,,,,,,,,,,,,,,,,,,,,
0,449,,,,,,,,,,,,,,,,,,,,,,,9.998898167395964e-05,9.998898167395964e-05,3.232208200643072e-06,,,,,,,,,,,,,,,,,,,,,,,,,,,,,,,,,,,,
0,499,,,,,,,,,,,,,,,,,,,,,,,9.998639870900661e-05,9.998639870900661e-05,3.2321242997568334e-06,,,,,,,,,,,,,,,,,,,,,,,,,,,,,,,,,,,,
0,549,,,,,,,,,,,,,,,,,,,,,,,9.998353198170662e-05,9.998353198170662e-05,3.232031758670928e-06,,,,,,,,,,,,,,,,,,,,,,,,,,,,,,,,,,,,
0,599,,,,,,,,,,,,,,,,,,,,,,,9.99803960439749e-05,9.99803960439749e-05,3.2319305773853557e-06,,,,,,,,,,,,,,,,,,,,,,,,,,,,,,,,,,,,
0,649,,,,,,,,,,,,,,,,,,,,,,,9.997699089581147e-05,9.997699089581147e-05,3.2318203011527658e-06,,,,,,,,,,,,,,,,,,,,,,,,,,,,,,,,,,,,
0,699,,,,,,,,,,,,,,,,,,,,,,,9.997330926125869e-05,9.997330926125869e-05,3.231701384720509e-06,,,,,,,,,,,,,,,,,,,,,,,,,,,,,,,,,,,,
0,749,,,,,,,,,,,,,,,,,,,,,,,9.996935114031658e-05,9.996935114031658e-05,3.2315733733412344e-06,,,,,,,,,,,,,,,,,,,,,,,,,,,,,,,,,,,,
0,799,,,,,,,,,,,,,,,,,,,,,,,9.996512380894274e-05,9.996512380894274e-05,3.231436721762293e-06,,,,,,,,,,,,,,,,,,,,,,,,,,,,,,,,,,,,
0,849,,,,,,,,,,,,,,,,,,,,,,,9.996061999117956e-05,9.996061999117956e-05,3.2312912026100093e-06,,,,,,,,,,,,,,,,,,,,,,,,,,,,,,,,,,,,
0,899,,,,,,,,,,,,,,,,,,,,,,,9.995584696298465e-05,9.995584696298465e-05,3.2311368158843834e-06,,,,,,,,,,,,,,,,,,,,,,,,,,,,,,,,,,,,
0,949,,,,,,,,,,,,,,,,,,,,,,,9.995079744840041e-05,9.995079744840041e-05,3.2309737889590906e-06,,,,,,,,,,,,,,,,,,,,,,,,,,,,,,,,,,,,
0,999,,,,,,,,,,,,,,,,,,,,,,,9.994547872338444e-05,9.994547872338444e-05,3.2308018944604555e-06,,,,,,,,,,,,,,,,,,,,,,,,,,,,,,,,,,,,
0,1049,,,,,,,,,,,,,,,,,,,,,,,9.993989078793675e-05,9.993989078793675e-05,3.2306209050148027e-06,,,,,,,,,,,,,,,,,,,,,,,,,,,,,,,,,,,,
0,1099,,,,,,,,,,,,,,,,,,,,,,,9.99340190901421e-05,9.99340190901421e-05,3.2304315027431585e-06,,,,,,,,,,,,,,,,,,,,,,,,,,,,,,,,,,,,
0,1149,,,,,,,,,,,,,,,,,,,,,,,9.992788545787334e-05,9.992788545787334e-05,3.2302330055244965e-06,,,,,,,,,,,,,,,,,,,,,,,,,,,,,,,,,,,,
0,1199,,,,,,,,,,,,,,,,,,,,,,,9.992147533921525e-05,9.992147533921525e-05,3.2300256407324923e-06,,,,,,,,,,,,,,,,,,,,,,,,,,,,,,,,,,,,
0,1249,,,,,,,,,,,,,,,,,,,,,,,9.991478873416781e-05,9.991478873416781e-05,3.2298096357408212e-06,,,,,,,,,,,,,,,,,,,,,,,,,,,,,,,,,,,,
0,1299,,,,,,,,,,,,,,,,,,,,,,,9.990783291868865e-05,9.990783291868865e-05,3.229584763175808e-06,,,,,,,,,,,,,,,,,,,,,,,,,,,,,,,,,,,,
0,1343,,,,,,,,,,,,,,,,,,,,,,,,,,0.2755085825920105,0.23865637183189392,0.40341323614120483,0.21274033188819885,0.547454833984375,1.084230661392212,1.124869704246521,1.0807572603225708,1.073462963104248,1.222994089126587,11.977829933166504,0.5561654567718506,0.2959957420825958,0.5956138372421265,8.70070743560791,0.05244544520974159,0.05223266780376434,0.052834402769804,0.052365031093358994,0.058214422315359116,0.9084861278533936,0.9521647095680237,0.9186573028564453,0.9139701724052429,0.9440425038337708,0.266056090593338,0.2685368061065674,0.2696334421634674,0.26691892743110657,0.29031887650489807,0.5419678092002869,0.282579630613327,0.2588324546813965,0.581100344657898,0.5901578068733215,0.5142731666564941
0,1343,4.208742618560791,3.278794527053833,4.02146577835083,4.183407783508301,3.2354910373687744,13.048023223876953,9.672852516174316,0.06436776369810104,0.06620099395513535,0.06621573120355606,0.0650969073176384,0.07485561072826385,0.978471040725708,1.0203808546066284,0.9817684292793274,0.977424681186676,1.0018919706344604,0.29336848855018616,0.29934537410736084,0.29902511835098267,0.2963087558746338,0.32656794786453247,,,,,,,,,,,,,,,,,,,,,,,,,,,,,,,,,,,,,,,
1,1349,,,,,,,,,,,,,,,,,,,,,,,9.990060061682016e-05,9.990060061682016e-05,3.2293510230374523e-06,,,,,,,,,,,,,,,,,,,,,,,,,,,,,,,,,,,,
1,1399,,,,,,,,,,,,,,,,,,,,,,,9.989309910451993e-05,9.989309910451993e-05,3.2291086426994298e-06,,,,,,,,,,,,,,,,,,,,,,,,,,,,,,,,,,,,
1,1449,,,,,,,,,,,,,,,,,,,,,,,9.988532110583037e-05,9.988532110583037e-05,3.2288571674143896e-06,,,,,,,,,,,,,,,,,,,,,,,,,,,,,,,,,,,,
1,1499,,,,,,,,,,,,,,,,,,,,,,,9.987727389670908e-05,9.987727389670908e-05,3.2285970519296825e-06,,,,,,,,,,,,,,,,,,,,,,,,,,,,,,,,,,,,
1,1549,,,,,,,,,,,,,,,,,,,,,,,9.986895747715607e-05,9.986895747715607e-05,3.228328068871633e-06,,,,,,,,,,,,,,,,,,,,,,,,,,,,,,,,,,,,
1,1599,,,,,,,,,,,,,,,,,,,,,,,9.986036457121372e-05,9.986036457121372e-05,3.228050445613917e-06,,,,,,,,,,,,,,,,,,,,,,,,,,,,,,,,,,,,
1,1649,,,,,,,,,,,,,,,,,,,,,,,9.985150245483965e-05,9.985150245483965e-05,3.227763727409183e-06,,,,,,,,,,,,,,,,,,,,,,,,,,,,,,,,,,,,
1,1699,,,,,,,,,,,,,,,,,,,,,,,9.984236385207623e-05,9.984236385207623e-05,3.2274683690047823e-06,,,,,,,,,,,,,,,,,,,,,,,,,,,,,,,,,,,,
1,1749,,,,,,,,,,,,,,,,,,,,,,,9.98329560388811e-05,9.98329560388811e-05,3.2271643704007147e-06,,,,,,,,,,,,,,,,,,,,,,,,,,,,,,,,,,,,
1,1799,,,,,,,,,,,,,,,,,,,,,,,9.982327173929662e-05,9.982327173929662e-05,3.2268512768496294e-06,,,,,,,,,,,,,,,,,,,,,,,,,,,,,,,,,,,,
1,1849,,,,,,,,,,,,,,,,,,,,,,,9.981331822928041e-05,9.981331822928041e-05,3.226529543098877e-06,,,,,,,,,,,,,,,,,,,,,,,,,,,,,,,,,,,,
1,1899,,,,,,,,,,,,,,,,,,,,,,,9.980308823287487e-05,9.980308823287487e-05,3.2261989417747827e-06,,,,,,,,,,,,,,,,,,,,,,,,,,,,,,,,,,,,
1,1949,,,,,,,,,,,,,,,,,,,,,,,9.97925890260376e-05,9.97925890260376e-05,3.2258597002510214e-06,,,,,,,,,,,,,,,,,,,,,,,,,,,,,,,,,,,,
1,1999,,,,,,,,,,,,,,,,,,,,,,,9.978182060876861e-05,9.978182060876861e-05,3.2255113637802424e-06,,,,,,,,,,,,,,,,,,,,,,,,,,,,,,,,,,,,
1,2049,,,,,,,,,,,,,,,,,,,,,,,9.97707829810679e-05,9.97707829810679e-05,3.2251543871097965e-06,,,,,,,,,,,,,,,,,,,,,,,,,,,,,,,,,,,,
1,2099,,,,,,,,,,,,,,,,,,,,,,,9.975946886697784e-05,9.975946886697784e-05,3.224788770239684e-06,,,,,,,,,,,,,,,,,,,,,,,,,,,,,,,,,,,,
1,2149,,,,,,,,,,,,,,,,,,,,,,,9.974787826649845e-05,9.974787826649845e-05,3.224414285796229e-06,,,,,,,,,,,,,,,,,,,,,,,,,,,,,,,,,,,,
1,2199,,,,,,,,,,,,,,,,,,,,,,,9.973601845558733e-05,9.973601845558733e-05,3.2240309337794315e-06,,,,,,,,,,,,,,,,,,,,,,,,,,,,,,,,,,,,
1,2249,,,,,,,,,,,,,,,,,,,,,,,9.972388943424448e-05,9.972388943424448e-05,3.223638714189292e-06,,,,,,,,,,,,,,,,,,,,,,,,,,,,,,,,,,,,
1,2299,,,,,,,,,,,,,,,,,,,,,,,9.971149120246992e-05,9.971149120246992e-05,3.2232378543994855e-06,,,,,,,,,,,,,,,,,,,,,,,,,,,,,,,,,,,,
1,2349,,,,,,,,,,,,,,,,,,,,,,,9.969881648430601e-05,9.969881648430601e-05,3.2228283544100123e-06,,,,,,,,,,,,,,,,,,,,,,,,,,,,,,,,,,,,
1,2399,,,,,,,,,,,,,,,,,,,,,,,9.968587255571038e-05,9.968587255571038e-05,3.2224097594735213e-06,,,,,,,,,,,,,,,,,,,,,,,,,,,,,,,,,,,,
1,2449,,,,,,,,,,,,,,,,,,,,,,,9.967265941668302e-05,9.967265941668302e-05,3.2219825243373634e-06,,,,,,,,,,,,,,,,,,,,,,,,,,,,,,,,,,,,
1,2499,,,,,,,,,,,,,,,,,,,,,,,9.965916979126632e-05,9.965916979126632e-05,3.2215466490015388e-06,,,,,,,,,,,,,,,,,,,,,,,,,,,,,,,,,,,,
1,2549,,,,,,,,,,,,,,,,,,,,,,,9.96454109554179e-05,9.96454109554179e-05,3.221101906092372e-06,,,,,,,,,,,,,,,,,,,,,,,,,,,,,,,,,,,,
1,2599,,,,,,,,,,,,,,,,,,,,,,,9.963138290913776e-05,9.963138290913776e-05,3.2206482956098625e-06,,,,,,,,,,,,,,,,,,,,,,,,,,,,,,,,,,,,
1,2649,,,,,,,,,,,,,,,,,,,,,,,9.961707837646827e-05,9.961707837646827e-05,3.2201860449276865e-06,,,,,,,,,,,,,,,,,,,,,,,,,,,,,,,,,,,,
1,2687,,,,,,,,,,,,,,,,,,,,,,,,,,0.29355475306510925,0.2555690407752991,0.44282978773117065,0.23090983927249908,0.562706708908081,0.9704758524894714,1.0578325986862183,0.9862799644470215,0.9696075320243835,1.1274747848510742,11.725645065307617,0.5951515436172485,0.32357004284858704,0.6004087328910828,8.627922058105469,0.05027209594845772,0.050736021250486374,0.05169058218598366,0.051054827868938446,0.059189047664403915,0.9222595691680908,0.9375954270362854,0.9095309376716614,0.9153909087181091,0.9346213340759277,0.25984564423561096,0.2639051377773285,0.26687535643577576,0.2624397575855255,0.2938399910926819,0.5727958679199219,0.3057158589363098,0.28756582736968994,0.5933470726013184,0.6121726036071777,0.5344379544258118
1,2687,5.6758928298950195,4.869754314422607,5.586569786071777,5.647246837615967,4.622656345367432,6.910426139831543,9.007097244262695,0.058465417474508286,0.059217147529125214,0.059700362384319305,0.058722078800201416,0.06875135749578476,0.9220223426818848,0.9611383080482483,0.9270557165145874,0.9238763451576233,0.95534747838974,0.27053147554397583,0.2753205895423889,0.2750548720359802,0.2717862129211426,0.303985059261322,,,,,,,,,,,,,,,,,,,,,,,,,,,,,,,,,,,,,,,
2,2699,,,,,,,,,,,,,,,,,,,,,,,9.960250463336706e-05,9.960250463336706e-05,3.219714926672168e-06,,,,,,,,,,,,,,,,,,,,,,,,,,,,,,,,,,,,
2,2749,,,,,,,,,,,,,,,,,,,,,,,9.958766167983413e-05,9.958766167983413e-05,3.219235168216983e-06,,,,,,,,,,,,,,,,,,,,,,,,,,,,,,,,,,,,
2,2799,,,,,,,,,,,,,,,,,,,,,,,9.957254951586947e-05,9.957254951586947e-05,3.2187465421884554e-06,,,,,,,,,,,,,,,,,,,,,,,,,,,,,,,,,,,,
2,2849,,,,,,,,,,,,,,,,,,,,,,,9.955716086551547e-05,9.955716086551547e-05,3.218249275960261e-06,,,,,,,,,,,,,,,,,,,,,,,,,,,,,,,,,,,,
2,2899,,,,,,,,,,,,,,,,,,,,,,,9.954151028068736e-05,9.954151028068736e-05,3.2177431421587244e-06,,,,,,,,,,,,,,,,,,,,,,,,,,,,,,,,,,,,
2,2949,,,,,,,,,,,,,,,,,,,,,,,9.952558320946991e-05,9.952558320946991e-05,3.217228368157521e-06,,,,,,,,,,,,,,,,,,,,,,,,,,,,,,,,,,,,
2,2999,,,,,,,,,,,,,,,,,,,,,,,9.950937965186313e-05,9.950937965186313e-05,3.216704726582975e-06,,,,,,,,,,,,,,,,,,,,,,,,,,,,,,,,,,,,
2,3049,,,,,,,,,,,,,,,,,,,,,,,9.949291415978223e-05,9.949291415978223e-05,3.2161724448087625e-06,,,,,,,,,,,,,,,,,,,,,,,,,,,,,,,,,,,,
2,3099,,,,,,,,,,,,,,,,,,,,,,,9.947617945726961e-05,9.947617945726961e-05,3.2156312954612076e-06,,,,,,,,,,,,,,,,,,,,,,,,,,,,,,,,,,,,
2,3149,,,,,,,,,,,,,,,,,,,,,,,9.945916826836765e-05,9.945916826836765e-05,3.215081505913986e-06,,,,,,,,,,,,,,,,,,,,,,,,,,,,,,,,,,,,
2,3199,,,,,,,,,,,,,,,,,,,,,,,9.944188786903396e-05,9.944188786903396e-05,3.214522848793422e-06,,,,,,,,,,,,,,,,,,,,,,,,,,,,,,,,,,,,
2,3249,,,,,,,,,,,,,,,,,,,,,,,9.942433825926855e-05,9.942433825926855e-05,3.213955551473191e-06,,,,,,,,,,,,,,,,,,,,,,,,,,,,,,,,,,,,
2,3299,,,,,,,,,,,,,,,,,,,,,,,9.940651943907142e-05,9.940651943907142e-05,3.2133796139532933e-06,,,,,,,,,,,,,,,,,,,,,,,,,,,,,,,,,,,,
2,3349,,,,,,,,,,,,,,,,,,,,,,,9.938843140844256e-05,9.938843140844256e-05,3.2127948088600533e-06,,,,,,,,,,,,,,,,,,,,,,,,,,,,,,,,,,,,
2,3399,,,,,,,,,,,,,,,,,,,,,,,9.937007416738197e-05,9.937007416738197e-05,3.2122013635671465e-06,,,,,,,,,,,,,,,,,,,,,,,,,,,,,,,,,,,,
2,3449,,,,,,,,,,,,,,,,,,,,,,,9.935144771588966e-05,9.935144771588966e-05,3.211599278074573e-06,,,,,,,,,,,,,,,,,,,,,,,,,,,,,,,,,,,,
2,3499,,,,,,,,,,,,,,,,,,,,,,,9.933254477800801e-05,9.933254477800801e-05,3.210988325008657e-06,,,,,,,,,,,,,,,,,,,,,,,,,,,,,,,,,,,,
2,3549,,,,,,,,,,,,,,,,,,,,,,,9.931337990565225e-05,9.931337990565225e-05,3.210368731743074e-06,,,,,,,,,,,,,,,,,,,,,,,,,,,,,,,,,,,,
2,3599,,,,,,,,,,,,,,,,,,,,,,,9.929394582286477e-05,9.929394582286477e-05,3.2097404982778244e-06,,,,,,,,,,,,,,,,,,,,,,,,,,,,,,,,,,,,
2,3649,,,,,,,,,,,,,,,,,,,,,,,9.927423525368795e-05,9.927423525368795e-05,3.2091033972392324e-06,,,,,,,,,,,,,,,,,,,,,,,,,,,,,,,,,,,,
2,3699,,,,,,,,,,,,,,,,,,,,,,,9.925426275003701e-05,9.925426275003701e-05,3.2084576560009737e-06,,,,,,,,,,,,,,,,,,,,,,,,,,,,,,,,,,,,
2,3749,,,,,,,,,,,,,,,,,,,,,,,9.923401375999674e-05,9.923401375999674e-05,3.207803274563048e-06,,,,,,,,,,,,,,,,,,,,,,,,,,,,,,,,,,,,
2,3799,,,,,,,,,,,,,,,,,,,,,,,9.921350283548236e-05,9.921350283548236e-05,3.20714002555178e-06,,,,,,,,,,,,,,,,,,,,,,,,,,,,,,,,,,,,
2,3849,,,,,,,,,,,,,,,,,,,,,,,9.919271542457864e-05,9.919271542457864e-05,3.206468363714521e-06,,,,,,,,,,,,,,,,,,,,,,,,,,,,,,,,,,,,
2,3899,,,,,,,,,,,,,,,,,,,,,,,9.91716660792008e-05,9.91716660792008e-05,3.2057878343039192e-06,,,,,,,,,,,,,,,,,,,,,,,,,,,,,,,,,,,,
2,3949,,,,,,,,,,,,,,,,,,,,,,,9.915034752339125e-05,9.915034752339125e-05,3.205098664693651e-06,,,,,,,,,,,,,,,,,,,,,,,,,,,,,,,,,,,,
2,3999,,,,,,,,,,,,,,,,,,,,,,,9.912875975714996e-05,9.912875975714996e-05,3.20440062751004e-06,,,,,,,,,,,,,,,,,,,,,,,,,,,,,,,,,,,,
2,4031,,,,,,,,,,,,,,,,,,,,,,,,,,0.30688634514808655,0.2617967128753662,0.4538867473602295,0.2444310188293457,0.5776252150535583,0.953629732131958,1.008509874343872,0.9685654640197754,0.9619659781455994,1.0658214092254639,12.051544189453125,0.6146756410598755,0.3349565267562866,0.6031934022903442,8.352812767028809,0.04997997358441353,0.05089311674237251,0.050834834575653076,0.050071731209754944,0.05868660658597946,0.8703678846359253,0.900013267993927,0.8713716268539429,0.8673954606056213,0.8935707807540894,0.2557007968425751,0.2611541152000427,0.2613127529621124,0.2589755356311798,0.28674131631851196,0.5939353108406067,0.3167501986026764,0.2963486909866333,0.5912268161773682,0.596361517906189,0.5659359097480774
2,4031,6.181361675262451,5.3900299072265625,6.027976036071777,6.13080358505249,5.231398582458496,6.41868257522583,8.809075355529785,0.05621324107050896,0.05745444446802139,0.05745159834623337,0.056641701608896255,0.0675254613161087,0.9048555493354797,0.9426106810569763,0.9121167659759521,0.9066526293754578,0.934984564781189,0.26368382573127747,0.26899290084838867,0.2680288851261139,0.26552173495292664,0.2994733452796936,,,,,,,,,,,,,,,,,,,,,,,,,,,,,,,,,,,,,,,
3,4049,,,,,,,,,,,,,,,,,,,,,,,9.910690278047696e-05,9.910690278047696e-05,3.203694177500438e-06,,,,,,,,,,,,,,,,,,,,,,,,,,,,,,,,,,,,
3,4099,,,,,,,,,,,,,,,,,,,,,,,9.908477659337223e-05,9.908477659337223e-05,3.2029788599174935e-06,,,,,,,,,,,,,,,,,,,,,,,,,,,,,,,,,,,,
3,4149,,,,,,,,,,,,,,,,,,,,,,,9.906238119583577e-05,9.906238119583577e-05,3.2022551295085577e-06,,,,,,,,,,,,,,,,,,,,,,,,,,,,,,,,,,,,
3,4199,,,,,,,,,,,,,,,,,,,,,,,9.903971658786759e-05,9.903971658786759e-05,3.2015225315262796e-06,,,,,,,,,,,,,,,,,,,,,,,,,,,,,,,,,,,,
3,4249,,,,,,,,,,,,,,,,,,,,,,,9.90167900454253e-05,9.90167900454253e-05,3.2007812933443347e-06,,,,,,,,,,,,,,,,,,,,,,,,,,,,,,,,,,,,
3,4299,,,,,,,,,,,,,,,,,,,,,,,9.899359429255128e-05,9.899359429255128e-05,3.200031414962723e-06,,,,,,,,,,,,,,,,,,,,,,,,,,,,,,,,,,,,
3,4349,,,,,,,,,,,,,,,,,,,,,,,9.897012932924554e-05,9.897012932924554e-05,3.1992728963814443e-06,,,,,,,,,,,,,,,,,,,,,,,,,,,,,,,,,,,,
3,4399,,,,,,,,,,,,,,,,,,,,,,,9.894639515550807e-05,9.894639515550807e-05,3.198505737600499e-06,,,,,,,,,,,,,,,,,,,,,,,,,,,,,,,,,,,,
3,4449,,,,,,,,,,,,,,,,,,,,,,,9.892239177133888e-05,9.892239177133888e-05,3.1977299386198865e-06,,,,,,,,,,,,,,,,,,,,,,,,,,,,,,,,,,,,
3,4499,,,,,,,,,,,,,,,,,,,,,,,9.889812645269558e-05,9.889812645269558e-05,3.1969454994396074e-06,,,,,,,,,,,,,,,,,,,,,,,,,,,,,,,,,,,,
3,4549,,,,,,,,,,,,,,,,,,,,,,,9.887359192362055e-05,9.887359192362055e-05,3.1961524200596614e-06,,,,,,,,,,,,,,,,,,,,,,,,,,,,,,,,,,,,
3,4599,,,,,,,,,,,,,,,,,,,,,,,9.88487881841138e-05,9.88487881841138e-05,3.1953507004800485e-06,,,,,,,,,,,,,,,,,,,,,,,,,,,,,,,,,,,,
3,4649,,,,,,,,,,,,,,,,,,,,,,,9.882372251013294e-05,9.882372251013294e-05,3.194540340700769e-06,,,,,,,,,,,,,,,,,,,,,,,,,,,,,,,,,,,,
3,4699,,,,,,,,,,,,,,,,,,,,,,,9.879838762572035e-05,9.879838762572035e-05,3.1937213407218223e-06,,,,,,,,,,,,,,,,,,,,,,,,,,,,,,,,,,,,
3,4749,,,,,,,,,,,,,,,,,,,,,,,9.877278353087604e-05,9.877278353087604e-05,3.192893700543209e-06,,,,,,,,,,,,,,,,,,,,,,,,,,,,,,,,,,,,
3,4799,,,,,,,,,,,,,,,,,,,,,,,9.874691750155762e-05,9.874691750155762e-05,3.1920574201649288e-06,,,,,,,,,,,,,,,,,,,,,,,,,,,,,,,,,,,,
3,4849,,,,,,,,,,,,,,,,,,,,,,,9.872078226180747e-05,9.872078226180747e-05,3.1912124995869817e-06,,,,,,,,,,,,,,,,,,,,,,,,,,,,,,,,,,,,
3,4899,,,,,,,,,,,,,,,,,,,,,,,9.86943778116256e-05,9.86943778116256e-05,3.1903591661830433e-06,,,,,,,,,,,,,,,,,,,,,,,,,,,,,,,,,,,,
3,4949,,,,,,,,,,,,,,,,,,,,,,,9.866771142696962e-05,9.866771142696962e-05,3.189497192579438e-06,,,,,,,,,,,,,,,,,,,,,,,,,,,,,,,,,,,,
3,4999,,,,,,,,,,,,,,,,,,,,,,,9.864077583188191e-05,9.864077583188191e-05,3.188626578776166e-06,,,,,,,,,,,,,,,,,,,,,,,,,,,,,,,,,,,,
3,5049,,,,,,,,,,,,,,,,,,,,,,,9.861357830232009e-05,9.861357830232009e-05,3.187747324773227e-06,,,,,,,,,,,,,,,,,,,,,,,,,,,,,,,,,,,,
3,5099,,,,,,,,,,,,,,,,,,,,,,,9.858611883828416e-05,9.858611883828416e-05,3.186859430570621e-06,,,,,,,,,,,,,,,,,,,,,,,,,,,,,,,,,,,,
3,5149,,,,,,,,,,,,,,,,,,,,,,,9.85583828878589e-05,9.85583828878589e-05,3.185963123542024e-06,,,,,,,,,,,,,,,,,,,,,,,,,,,,,,,,,,,,
3,5199,,,,,,,,,,,,,,,,,,,,,,,9.853039227891713e-05,9.853039227891713e-05,3.1850581763137598e-06,,,,,,,,,,,,,,,,,,,,,,,,,,,,,,,,,,,,
3,5249,,,,,,,,,,,,,,,,,,,,,,,9.850213245954365e-05,9.850213245954365e-05,3.184144588885829e-06,,,,,,,,,,,,,,,,,,,,,,,,,,,,,,,,,,,,
3,5299,,,,,,,,,,,,,,,,,,,,,,,9.847360342973843e-05,9.847360342973843e-05,3.1832225886319065e-06,,,,,,,,,,,,,,,,,,,,,,,,,,,,,,,,,,,,
3,5349,,,,,,,,,,,,,,,,,,,,,,,9.844481246545911e-05,9.844481246545911e-05,3.182291720804642e-06,,,,,,,,,,,,,,,,,,,,,,,,,,,,,,,,,,,,
3,5375,,,,,,,,,,,,,,,,,,,,,,,,,,0.32045280933380127,0.27296140789985657,0.4592987895011902,0.24158959090709686,0.5905923247337341,0.9166377186775208,1.0547064542770386,0.9543244242668152,0.9294894337654114,1.0675581693649292,10.820554733276367,0.6272809505462646,0.34214428067207336,0.6114184260368347,8.395270347595215,0.05158363655209541,0.05045947805047035,0.0527045838534832,0.052025407552719116,0.05800275877118111,0.868450939655304,0.904900074005127,0.8617190718650818,0.8646580576896667,0.898535430431366,0.2609286606311798,0.26160380244255066,0.26520565152168274,0.26295673847198486,0.2858682870864868,0.6040734648704529,0.3235756456851959,0.30630382895469666,0.6016488075256348,0.6310970783233643,0.5583885908126831
3,5375,6.63876485824585,5.8106770515441895,6.483817100524902,6.600707054138184,5.607923984527588,5.6931233406066895,8.700197219848633,0.055942315608263016,0.056788671761751175,0.0570949949324131,0.05624605715274811,0.06736937165260315,0.8891729712486267,0.929110050201416,0.895983874797821,0.8916907906532288,0.925530195236206,0.2612431049346924,0.265729695558548,0.26564890146255493,0.2627101242542267,0.2954167127609253,,,,,,,,,,,,,,,,,,,,,,,,,,,,,,,,,,,,,,,
4,5399,,,,,,,,,,,,,,,,,,,,,,,9.841575956670567e-05,9.841575956670567e-05,3.1813526675250614e-06,,,,,,,,,,,,,,,,,,,,,,,,,,,,,,,,,,,,
4,5449,,,,,,,,,,,,,,,,,,,,,,,9.838643745752051e-05,9.838643745752051e-05,3.1804047466721386e-06,,,,,,,,,,,,,,,,,,,,,,,,,,,,,,,,,,,,
4,5499,,,,,,,,,,,,,,,,,,,,,,,9.835685341386124e-05,9.835685341386124e-05,3.1794484129932243e-06,,,,,,,,,,,,,,,,,,,,,,,,,,,,,,,,,,,,
4,5549,,,,,,,,,,,,,,,,,,,,,,,9.832700743572786e-05,9.832700743572786e-05,3.1784836664883187e-06,,,,,,,,,,,,,,,,,,,,,,,,,,,,,,,,,,,,
4,5599,,,,,,,,,,,,,,,,,,,,,,,9.829689952312037e-05,9.829689952312037e-05,3.1775102797837462e-06,,,,,,,,,,,,,,,,,,,,,,,,,,,,,,,,,,,,
4,5649,,,,,,,,,,,,,,,,,,,,,,,9.826652240008116e-05,9.826652240008116e-05,3.176528252879507e-06,,,,,,,,,,,,,,,,,,,,,,,,,,,,,,,,,,,,
4,5699,,,,,,,,,,,,,,,,,,,,,,,9.823588334256783e-05,9.823588334256783e-05,3.175537813149276e-06,,,,,,,,,,,,,,,,,,,,,,,,,,,,,,,,,,,,
4,5749,,,,,,,,,,,,,,,,,,,,,,,9.820497507462278e-05,9.820497507462278e-05,3.174538960593054e-06,,,,,,,,,,,,,,,,,,,,,,,,,,,,,,,,,,,,
4,5799,,,,,,,,,,,,,,,,,,,,,,,9.817381214816123e-05,9.817381214816123e-05,3.173531467837165e-06,,,,,,,,,,,,,,,,,,,,,,,,,,,,,,,,,,,,
4,5849,,,,,,,,,,,,,,,,,,,,,,,9.814238001126796e-05,9.814238001126796e-05,3.1725153348816093e-06,,,,,,,,,,,,,,,,,,,,,,,,,,,,,,,,,,,,
4,5899,,,,,,,,,,,,,,,,,,,,,,,9.811068593990058e-05,9.811068593990058e-05,3.1714910164737375e-06,,,,,,,,,,,,,,,,,,,,,,,,,,,,,,,,,,,,
4,5949,,,,,,,,,,,,,,,,,,,,,,,9.807872993405908e-05,9.807872993405908e-05,3.170458057866199e-06,,,,,,,,,,,,,,,,,,,,,,,,,,,,,,,,,,,,
4,5999,,,,,,,,,,,,,,,,,,,,,,,9.804651199374348e-05,9.804651199374348e-05,3.1694164590589935e-06,,,,,,,,,,,,,,,,,,,,,,,,,,,,,,,,,,,,
4,6049,,,,,,,,,,,,,,,,,,,,,,,9.801403211895376e-05,9.801403211895376e-05,3.1683664474257967e-06,,,,,,,,,,,,,,,,,,,,,,,,,,,,,,,,,,,,
4,6099,,,,,,,,,,,,,,,,,,,,,,,9.798129030968994e-05,9.798129030968994e-05,3.1673080229666084e-06,,,,,,,,,,,,,,,,,,,,,,,,,,,,,,,,,,,,
4,6149,,,,,,,,,,,,,,,,,,,,,,,9.7948286565952e-05,9.7948286565952e-05,3.1662411856814288e-06,,,,,,,,,,,,,,,,,,,,,,,,,,,,,,,,,,,,
4,6199,,,,,,,,,,,,,,,,,,,,,,,9.791501361178234e-05,9.791501361178234e-05,3.1651657081965823e-06,,,,,,,,,,,,,,,,,,,,,,,,,,,,,,,,,,,,
4,6249,,,,,,,,,,,,,,,,,,,,,,,9.788148599909618e-05,9.788148599909618e-05,3.1640818178857444e-06,,,,,,,,,,,,,,,,,,,,,,,,,,,,,,,,,,,,
4,6299,,,,,,,,,,,,,,,,,,,,,,,9.784769645193592e-05,9.784769645193592e-05,3.162989514748915e-06,,,,,,,,,,,,,,,,,,,,,,,,,,,,,,,,,,,,
4,6349,,,,,,,,,,,,,,,,,,,,,,,9.781364497030154e-05,9.781364497030154e-05,3.1618887987860944e-06,,,,,,,,,,,,,,,,,,,,,,,,,,,,,,,,,,,,
4,6399,,,,,,,,,,,,,,,,,,,,,,,9.777933155419305e-05,9.777933155419305e-05,3.1607796699972823e-06,,,,,,,,,,,,,,,,,,,,,,,,,,,,,,,,,,,,
4,6449,,,,,,,,,,,,,,,,,,,,,,,9.774475620361045e-05,9.774475620361045e-05,3.1596619010088034e-06,,,,,,,,,,,,,,,,,,,,,,,,,,,,,,,,,,,,
4,6499,,,,,,,,,,,,,,,,,,,,,,,9.770991891855374e-05,9.770991891855374e-05,3.1585359465680085e-06,,,,,,,,,,,,,,,,,,,,,,,,,,,,,,,,,,,,
4,6549,,,,,,,,,,,,,,,,,,,,,,,9.767481969902292e-05,9.767481969902292e-05,3.1574013519275468e-06,,,,,,,,,,,,,,,,,,,,,,,,,,,,,,,,,,,,
4,6599,,,,,,,,,,,,,,,,,,,,,,,9.76394658209756e-05,9.76394658209756e-05,3.1562583444610937e-06,,,,,,,,,,,,,,,,,,,,,,,,,,,,,,,,,,,,
4,6649,,,,,,,,,,,,,,,,,,,,,,,9.760385000845417e-05,9.760385000845417e-05,3.1551071515423246e-06,,,,,,,,,,,,,,,,,,,,,,,,,,,,,,,,,,,,
4,6699,,,,,,,,,,,,,,,,,,,,,,,9.756797226145864e-05,9.756797226145864e-05,3.1539473184238886e-06,,,,,,,,,,,,,,,,,,,,,,,,,,,,,,,,,,,,
4,6719,,,,,,,,,,,,,,,,,,,,,,,,,,0.31565773487091064,0.2884684205055237,0.46877092123031616,0.24811935424804688,0.6012285351753235,0.8671413660049438,0.9225425720214844,0.8930184245109558,0.8690517544746399,0.9782910943031311,10.323441505432129,0.641131579875946,0.35300320386886597,0.6154206991195679,8.353231430053711,0.05195317044854164,0.051772281527519226,0.051353685557842255,0.050918638706207275,0.06022430583834648,0.8564549684524536,0.8859378099441528,0.8691155910491943,0.8662726879119873,0.8738977909088135,0.2612416744232178,0.2642132341861725,0.2609434723854065,0.25955289602279663,0.28927162289619446,0.6163590550422668,0.33025410771369934,0.3105057179927826,0.5967064499855042,0.6649469137191772,0.5565792918205261
4,6719,7.083296298980713,6.199702262878418,6.955803394317627,7.0457587242126465,5.965922832489014,5.6128668785095215,8.575193405151367,0.05538047105073929,0.05641161650419235,0.056439194828271866,0.055713728070259094,0.06703785061836243,0.8747478127479553,0.9143905639648438,0.8819252252578735,0.8768190145492554,0.910352885723114,0.2574743628501892,0.26200392842292786,0.2612663507461548,0.25876176357269287,0.29151374101638794,,,,,,,,,,,,,,,,,,,,,,,,,,,,,,,,,,,,,,,
5,6749,,,,,,,,,,,,,,,,,,,,,,,9.753183257998899e-05,9.753183257998899e-05,3.1527790724794613e-06,,,,,,,,,,,,,,,,,,,,,,,,,,,,,,,,,,,,
5,6799,,,,,,,,,,,,,,,,,,,,,,,9.749543824000284e-05,9.749543824000284e-05,3.151602641082718e-06,,,,,,,,,,,,,,,,,,,,,,,,,,,,,,,,,,,,
5,6849,,,,,,,,,,,,,,,,,,,,,,,9.745878196554258e-05,9.745878196554258e-05,3.150417569486308e-06,,,,,,,,,,,,,,,,,,,,,,,,,,,,,,,,,,,,
5,6899,,,,,,,,,,,,,,,,,,,,,,,9.742186375660822e-05,9.742186375660822e-05,3.149224312437582e-06,,,,,,,,,,,,,,,,,,,,,,,,,,,,,,,,,,,,
5,6949,,,,,,,,,,,,,,,,,,,,,,,9.738469088915735e-05,9.738469088915735e-05,3.1480226425628643e-06,,,,,,,,,,,,,,,,,,,,,,,,,,,,,,,,,,,,
5,6999,,,,,,,,,,,,,,,,,,,,,,,9.734725608723238e-05,9.734725608723238e-05,3.1468125598621555e-06,,,,,,,,,,,,,,,,,,,,,,,,,,,,,,,,,,,,
5,7049,,,,,,,,,,,,,,,,,,,,,,,9.730956662679091e-05,9.730956662679091e-05,3.145594064335455e-06,,,,,,,,,,,,,,,,,,,,,,,,,,,,,,,,,,,,
5,7099,,,,,,,,,,,,,,,,,,,,,,,9.727161523187533e-05,9.727161523187533e-05,3.144367383356439e-06,,,,,,,,,,,,,,,,,,,,,,,,,,,,,,,,,,,,
5,7149,,,,,,,,,,,,,,,,,,,,,,,9.723340917844325e-05,9.723340917844325e-05,3.1431322895514313e-06,,,,,,,,,,,,,,,,,,,,,,,,,,,,,,,,,,,,
5,7199,,,,,,,,,,,,,,,,,,,,,,,9.719494119053707e-05,9.719494119053707e-05,3.1418887829204323e-06,,,,,,,,,,,,,,,,,,,,,,,,,,,,,,,,,,,,
5,7249,,,,,,,,,,,,,,,,,,,,,,,9.715621126815677e-05,9.715621126815677e-05,3.140636863463442e-06,,,,,,,,,,,,,,,,,,,,,,,,,,,,,,,,,,,,
5,7299,,,,,,,,,,,,,,,,,,,,,,,9.711723396321759e-05,9.711723396321759e-05,3.1393767585541354e-06,,,,,,,,,,,,,,,,,,,,,,,,,,,,,,,,,,,,
5,7349,,,,,,,,,,,,,,,,,,,,,,,9.707798744784668e-05,9.707798744784668e-05,3.138108468192513e-06,,,,,,,,,,,,,,,,,,,,,,,,,,,,,,,,,,,,
5,7399,,,,,,,,,,,,,,,,,,,,,,,9.70384935499169e-05,9.70384935499169e-05,3.136831537631224e-06,,,,,,,,,,,,,,,,,,,,,,,,,,,,,,,,,,,,
5,7449,,,,,,,,,,,,,,,,,,,,,,,9.6998737717513e-05,9.6998737717513e-05,3.1355464216176188e-06,,,,,,,,,,,,,,,,,,,,,,,,,,,,,,,,,,,,
5,7499,,,,,,,,,,,,,,,,,,,,,,,9.69587272265926e-05,9.69587272265926e-05,3.1342531201516977e-06,,,,,,,,,,,,,,,,,,,,,,,,,,,,,,,,,,,,
5,7549,,,,,,,,,,,,,,,,,,,,,,,9.691846207715571e-05,9.691846207715571e-05,3.132951405859785e-06,,,,,,,,,,,,,,,,,,,,,,,,,,,,,,,,,,,,
5,7599,,,,,,,,,,,,,,,,,,,,,,,9.687793499324471e-05,9.687793499324471e-05,3.1316415061155567e-06,,,,,,,,,,,,,,,,,,,,,,,,,,,,,,,,,,,,
5,7649,,,,,,,,,,,,,,,,,,,,,,,9.683715325081721e-05,9.683715325081721e-05,3.130323193545337e-06,,,,,,,,,,,,,,,,,,,,,,,,,,,,,,,,,,,,
5,7699,,,,,,,,,,,,,,,,,,,,,,,9.679611684987321e-05,9.679611684987321e-05,3.128996695522801e-06,,,,,,,,,,,,,,,,,,,,,,,,,,,,,,,,,,,,
5,7749,,,,,,,,,,,,,,,,,,,,,,,9.675482579041272e-05,9.675482579041272e-05,3.1276620120479492e-06,,,,,,,,,,,,,,,,,,,,,,,,,,,,,,,,,,,,
5,7799,,,,,,,,,,,,,,,,,,,,,,,9.671328007243574e-05,9.671328007243574e-05,3.126318915747106e-06,,,,,,,,,,,,,,,,,,,,,,,,,,,,,,,,,,,,
5,7849,,,,,,,,,,,,,,,,,,,,,,,9.667147969594225e-05,9.667147969594225e-05,3.124967633993947e-06,,,,,,,,,,,,,,,,,,,,,,,,,,,,,,,,,,,,
5,7899,,,,,,,,,,,,,,,,,,,,,,,9.662941738497466e-05,9.662941738497466e-05,3.1236079394147964e-06,,,,,,,,,,,,,,,,,,,,,,,,,,,,,,,,,,,,
5,7949,,,,,,,,,,,,,,,,,,,,,,,9.658710769144818e-05,9.658710769144818e-05,3.1222402867570054e-06,,,,,,,,,,,,,,,,,,,,,,,,,,,,,,,,,,,,
5,7999,,,,,,,,,,,,,,,,,,,,,,,9.654454333940521e-05,9.654454333940521e-05,3.120864221273223e-06,,,,,,,,,,,,,,,,,,,,,,,,,,,,,,,,,,,,
5,8049,,,,,,,,,,,,,,,,,,,,,,,9.650171705288813e-05,9.650171705288813e-05,3.1194799703371245e-06,,,,,,,,,,,,,,,,,,,,,,,,,,,,,,,,,,,,
5,8063,,,,,,,,,,,,,,,,,,,,,,,,,,0.3360687494277954,0.2719821333885193,0.4693286716938019,0.2445528656244278,0.603874146938324,0.8568947315216064,0.9301840662956238,0.8680097460746765,0.8749566078186035,0.9659603834152222,10.030966758728027,0.6466795206069946,0.35719841718673706,0.617030143737793,8.282306671142578,0.05272524431347847,0.05212470144033432,0.05232725292444229,0.05251093581318855,0.05852043628692627,0.8309540152549744,0.8666986227035522,0.8388555645942688,0.8351707458496094,0.8650400042533875,0.26687541604042053,0.2655487358570099,0.26664426922798157,0.26595959067344666,0.28724175691604614,0.6203306317329407,0.3304831087589264,0.3114027678966522,0.6080525517463684,0.6614229083061218,0.5614901185035706
5,8063,7.43552827835083,6.6346354484558105,7.337648868560791,7.38869047164917,6.584226131439209,5.0128173828125,8.447892189025879,0.0546669065952301,0.05530671030282974,0.05567483603954315,0.05491241440176964,0.06606936454772949,0.8579553365707397,0.8972307443618774,0.8636049628257751,0.8593066930770874,0.8926476836204529,0.2563183307647705,0.259390652179718,0.2598688304424286,0.25733643770217896,0.2890869081020355,,,,,,,,,,,,,,,,,,,,,,,,,,,,,,,,,,,,,,,
6,8099,,,,,,,,,,,,,,,,,,,,,,,9.645864338381216e-05,9.645864338381216e-05,3.11808753394871e-06,,,,,,,,,,,,,,,,,,,,,,,,,,,,,,,,,,,,
6,8149,,,,,,,,,,,,,,,,,,,,,,,9.64153150562197e-05,9.64153150562197e-05,3.11668691210798e-06,,,,,,,,,,,,,,,,,,,,,,,,,,,,,,,,,,,,
6,8199,,,,,,,,,,,,,,,,,,,,,,,9.637173207011074e-05,9.637173207011074e-05,3.1152781048149336e-06,,,,,,,,,,,,,,,,,,,,,,,,,,,,,,,,,,,,
6,8249,,,,,,,,,,,,,,,,,,,,,,,9.632789442548528e-05,9.632789442548528e-05,3.1138611120695714e-06,,,,,,,,,,,,,,,,,,,,,,,,,,,,,,,,,,,,
6,8299,,,,,,,,,,,,,,,,,,,,,,,9.628380939830095e-05,9.628380939830095e-05,3.1124359338718932e-06,,,,,,,,,,,,,,,,,,,,,,,,,,,,,,,,,,,,
6,8349,,,,,,,,,,,,,,,,,,,,,,,9.62394624366425e-05,9.62394624366425e-05,3.111002570221899e-06,,,,,,,,,,,,,,,,,,,,,,,,,,,,,,,,,,,,
6,8399,,,,,,,,,,,,,,,,,,,,,,,9.619486809242517e-05,9.619486809242517e-05,3.109561021119589e-06,,,,,,,,,,,,,,,,,,,,,,,,,,,,,,,,,,,,
6,8449,,,,,,,,,,,,,,,,,,,,,,,9.615002636564896e-05,9.615002636564896e-05,3.108111286564963e-06,,,,,,,,,,,,,,,,,,,,,,,,,,,,,,,,,,,,
6,8499,,,,,,,,,,,,,,,,,,,,,,,9.610492270439863e-05,9.610492270439863e-05,3.106653366558021e-06,,,,,,,,,,,,,,,,,,,,,,,,,,,,,,,,,,,,
6,8549,,,,,,,,,,,,,,,,,,,,,,,9.605957166058943e-05,9.605957166058943e-05,3.105187261098763e-06,,,,,,,,,,,,,,,,,,,,,,,,,,,,,,,,,,,,
6,8599,,,,,,,,,,,,,,,,,,,,,,,9.601397323422134e-05,9.601397323422134e-05,3.1037131975608645e-06,,,,,,,,,,,,,,,,,,,,,,,,,,,,,,,,,,,,
6,8649,,,,,,,,,,,,,,,,,,,,,,,9.596811287337914e-05,9.596811287337914e-05,3.10223094857065e-06,,,,,,,,,,,,,,,,,,,,,,,,,,,,,,,,,,,,
6,8699,,,,,,,,,,,,,,,,,,,,,,,9.592201240593567e-05,9.592201240593567e-05,3.1007405141281197e-06,,,,,,,,,,,,,,,,,,,,,,,,,,,,,,,,,,,,
6,8749,,,,,,,,,,,,,,,,,,,,,,,9.587565727997571e-05,9.587565727997571e-05,3.0992421216069488e-06,,,,,,,,,,,,,,,,,,,,,,,,,,,,,,,,,,,,
6,8799,,,,,,,,,,,,,,,,,,,,,,,9.582904749549925e-05,9.582904749549925e-05,3.097735543633462e-06,,,,,,,,,,,,,,,,,,,,,,,,,,,,,,,,,,,,
6,8849,,,,,,,,,,,,,,,,,,,,,,,9.578219032846391e-05,9.578219032846391e-05,3.096220780207659e-06,,,,,,,,,,,,,,,,,,,,,,,,,,,,,,,,,,,,
6,8899,,,,,,,,,,,,,,,,,,,,,,,9.573508577886969e-05,9.573508577886969e-05,3.094698058703216e-06,,,,,,,,,,,,,,,,,,,,,,,,,,,,,,,,,,,,
6,8949,,,,,,,,,,,,,,,,,,,,,,,9.568772657075897e-05,9.568772657075897e-05,3.0931671517464565e-06,,,,,,,,,,,,,,,,,,,,,,,,,,,,,,,,,,,,
6,8999,,,,,,,,,,,,,,,,,,,,,,,9.564011998008937e-05,9.564011998008937e-05,3.0916282867110567e-06,,,,,,,,,,,,,,,,,,,,,,,,,,,,,,,,,,,,
6,9049,,,,,,,,,,,,,,,,,,,,,,,9.559225873090327e-05,9.559225873090327e-05,3.090081236223341e-06,,,,,,,,,,,,,,,,,,,,,,,,,,,,,,,,,,,,
6,9099,,,,,,,,,,,,,,,,,,,,,,,9.55441573751159e-05,9.55441573751159e-05,3.0885262276569847e-06,,,,,,,,,,,,,,,,,,,,,,,,,,,,,,,,,,,,
6,9149,,,,,,,,,,,,,,,,,,,,,,,9.549580136081204e-05,9.549580136081204e-05,3.0869630336383125e-06,,,,,,,,,,,,,,,,,,,,,,,,,,,,,,,,,,,,
6,9199,,,,,,,,,,,,,,,,,,,,,,,9.544719796394929e-05,9.544719796394929e-05,3.0853918815409997e-06,,,,,,,,,,,,,,,,,,,,,,,,,,,,,,,,,,,,
6,9249,,,,,,,,,,,,,,,,,,,,,,,9.539834718452767e-05,9.539834718452767e-05,3.0838127713650465e-06,,,,,,,,,,,,,,,,,,,,,,,,,,,,,,,,,,,,
6,9299,,,,,,,,,,,,,,,,,,,,,,,9.534924902254716e-05,9.534924902254716e-05,3.0822257031104527e-06,,,,,,,,,,,,,,,,,,,,,,,,,,,,,,,,,,,,
6,9349,,,,,,,,,,,,,,,,,,,,,,,9.529990347800776e-05,9.529990347800776e-05,3.080630449403543e-06,,,,,,,,,,,,,,,,,,,,,,,,,,,,,,,,,,,,
6,9399,,,,,,,,,,,,,,,,,,,,,,,9.525030327495188e-05,9.525030327495188e-05,3.079027237617993e-06,,,,,,,,,,,,,,,,,,,,,,,,,,,,,,,,,,,,
6,9407,,,,,,,,,,,,,,,,,,,,,,,,,,0.33655187487602234,0.29764729738235474,0.48189547657966614,0.2604958117008209,0.6162539720535278,0.8579367995262146,0.8945814371109009,0.8735672235488892,0.8551580309867859,0.9291420578956604,10.706679344177246,0.6517581939697266,0.3608954846858978,0.6122595071792603,8.220215797424316,0.050490256398916245,0.051291536539793015,0.05047311633825302,0.050260283052921295,0.058551400899887085,0.8433170318603516,0.8729326725006104,0.8542510867118835,0.852310836315155,0.8728326559066772,0.2565605044364929,0.25926855206489563,0.2562727928161621,0.25582611560821533,0.2816934287548065,0.6329234838485718,0.34414762258529663,0.32947900891304016,0.595595121383667,0.6697865724563599,0.5727810859680176
6,9407,7.62492561340332,6.821205139160156,7.516517639160156,7.577381134033203,6.579910755157471,5.307717800140381,8.372847557067871,0.05404655635356903,0.05461271479725838,0.05463002249598503,0.05421803519129753,0.06453221291303635,0.8492723107337952,0.8916828632354736,0.8581871390342712,0.85259610414505,0.89085853099823,0.2544279396533966,0.25729596614837646,0.2571665346622467,0.25542160868644714,0.2857101559638977,,,,,,,,,,,,,,,,,,,,,,,,,,,,,,,,,,,,,,,
7,9449,,,,,,,,,,,,,,,,,,,,,,,9.520046296529472e-05,9.520046296529472e-05,3.077416067753802e-06,,,,,,,,,,,,,,,,,,,,,,,,,,,,,,,,,,,,
7,9499,,,,,,,,,,,,,,,,,,,,,,,9.515037527307868e-05,9.515037527307868e-05,3.075796939810971e-06,,,,,,,,,,,,,,,,,,,,,,,,,,,,,,,,,,,,
7,9549,,,,,,,,,,,,,,,,,,,,,,,9.510004019830376e-05,9.510004019830376e-05,3.074169853789499e-06,,,,,,,,,,,,,,,,,,,,,,,,,,,,,,,,,,,,
7,9599,,,,,,,,,,,,,,,,,,,,,,,9.504945774096996e-05,9.504945774096996e-05,3.0725348096893867e-06,,,,,,,,,,,,,,,,,,,,,,,,,,,,,,,,,,,,
7,9649,,,,,,,,,,,,,,,,,,,,,,,9.499862790107727e-05,9.499862790107727e-05,3.0708915801369585e-06,,,,,,,,,,,,,,,,,,,,,,,,,,,,,,,,,,,,
7,9699,,,,,,,,,,,,,,,,,,,,,,,9.494755795458332e-05,9.494755795458332e-05,3.069240619879565e-06,,,,,,,,,,,,,,,,,,,,,,,,,,,,,,,,,,,,
7,9749,,,,,,,,,,,,,,,,,,,,,,,9.489623334957287e-05,9.489623334957287e-05,3.0675817015435314e-06,,,,,,,,,,,,,,,,,,,,,,,,,,,,,,,,,,,,
7,9799,,,,,,,,,,,,,,,,,,,,,,,9.484466863796115e-05,9.484466863796115e-05,3.065914825128857e-06,,,,,,,,,,,,,,,,,,,,,,,,,,,,,,,,,,,,
7,9849,,,,,,,,,,,,,,,,,,,,,,,9.479286381974816e-05,9.479286381974816e-05,3.064239990635542e-06,,,,,,,,,,,,,,,,,,,,,,,,,,,,,,,,,,,,
7,9899,,,,,,,,,,,,,,,,,,,,,,,9.474080434301868e-05,9.474080434301868e-05,3.0625574254372623e-06,,,,,,,,,,,,,,,,,,,,,,,,,,,,,,,,,,,,
7,9949,,,,,,,,,,,,,,,,,,,,,,,9.468850475968793e-05,9.468850475968793e-05,3.0608666747866664e-06,,,,,,,,,,,,,,,,,,,,,,,,,,,,,,,,,,,,
7,9999,,,,,,,,,,,,,,,,,,,,,,,9.463596506975591e-05,9.463596506975591e-05,3.0591681934311055e-06,,,,,,,,,,,,,,,,,,,,,,,,,,,,,,,,,,,,
7,10049,,,,,,,,,,,,,,,,,,,,,,,9.458317799726501e-05,9.458317799726501e-05,3.0574619813705795e-06,,,,,,,,,,,,,,,,,,,,,,,,,,,,,,,,,,,,
7,10099,,,,,,,,,,,,,,,,,,,,,,,9.453014354221523e-05,9.453014354221523e-05,3.0557475838577375e-06,,,,,,,,,,,,,,,,,,,,,,,,,,,,,,,,,,,,
7,10149,,,,,,,,,,,,,,,,,,,,,,,9.447686898056418e-05,9.447686898056418e-05,3.0540254556399304e-06,,,,,,,,,,,,,,,,,,,,,,,,,,,,,,,,,,,,
7,10199,,,,,,,,,,,,,,,,,,,,,,,9.442335431231186e-05,9.442335431231186e-05,3.0522955967171583e-06,,,,,,,,,,,,,,,,,,,,,,,,,,,,,,,,,,,,
7,10249,,,,,,,,,,,,,,,,,,,,,,,9.436959226150066e-05,9.436959226150066e-05,3.0505577797157457e-06,,,,,,,,,,,,,,,,,,,,,,,,,,,,,,,,,,,,
7,10299,,,,,,,,,,,,,,,,,,,,,,,9.431559010408819e-05,9.431559010408819e-05,3.0488120046356926e-06,,,,,,,,,,,,,,,,,,,,,,,,,,,,,,,,,,,,
7,10349,,,,,,,,,,,,,,,,,,,,,,,9.426134784007445e-05,9.426134784007445e-05,3.0470584988506744e-06,,,,,,,,,,,,,,,,,,,,,,,,,,,,,,,,,,,,
7,10399,,,,,,,,,,,,,,,,,,,,,,,9.420686546945944e-05,9.420686546945944e-05,3.045297262360691e-06,,,,,,,,,,,,,,,,,,,,,,,,,,,,,,,,,,,,
7,10449,,,,,,,,,,,,,,,,,,,,,,,9.415213571628556e-05,9.415213571628556e-05,3.0435280677920673e-06,,,,,,,,,,,,,,,,,,,,,,,,,,,,,,,,,,,,
7,10499,,,,,,,,,,,,,,,,,,,,,,,9.40971658565104e-05,9.40971658565104e-05,3.041751369892154e-06,,,,,,,,,,,,,,,,,,,,,,,,,,,,,,,,,,,,
7,10549,,,,,,,,,,,,,,,,,,,,,,,9.404195589013398e-05,9.404195589013398e-05,3.0399664865399245e-06,,,,,,,,,,,,,,,,,,,,,,,,,,,,,,,,,,,,
7,10599,,,,,,,,,,,,,,,,,,,,,,,9.398650581715629e-05,9.398650581715629e-05,3.0381740998564055e-06,,,,,,,,,,,,,,,,,,,,,,,,,,,,,,,,,,,,
7,10649,,,,,,,,,,,,,,,,,,,,,,,9.393081563757733e-05,9.393081563757733e-05,3.036373755094246e-06,,,,,,,,,,,,,,,,,,,,,,,,,,,,,,,,,,,,
7,10699,,,,,,,,,,,,,,,,,,,,,,,9.38748853513971e-05,9.38748853513971e-05,3.034565907000797e-06,,,,,,,,,,,,,,,,,,,,,,,,,,,,,,,,,,,,
7,10749,,,,,,,,,,,,,,,,,,,,,,,9.38187149586156e-05,9.38187149586156e-05,3.0327501008287072e-06,,,,,,,,,,,,,,,,,,,,,,,,,,,,,,,,,,,,
7,10751,,,,,,,,,,,,,,,,,,,,,,,,,,0.353218138217926,0.2973223924636841,0.48075664043426514,0.270746111869812,0.6166889071464539,0.9155957102775574,0.9848905801773071,0.9202848076820374,0.9070857763290405,1.0161514282226562,10.102503776550293,0.6578559279441833,0.3637100160121918,0.6153161525726318,8.1165189743042,0.050156958401203156,0.049862414598464966,0.051010265946388245,0.05090752989053726,0.055546559393405914,0.8277772068977356,0.860439658164978,0.8303071856498718,0.8268250226974487,0.8668181300163269,0.25578874349594116,0.2571854591369629,0.2600695788860321,0.2582828104496002,0.27714231610298157,0.6403920650482178,0.3505108058452606,0.33430084586143494,0.6065922379493713,0.6735888719558716,0.5705763697624207
7,10751,7.965810775756836,7.1695685386657715,7.86908483505249,7.951897144317627,7.067931652069092,4.743515491485596,8.267388343811035,0.0539107471704483,0.054611824452877045,0.05463670194149017,0.054151494055986404,0.06476005166769028,0.8329043984413147,0.871588945388794,0.8407546877861023,0.8354734182357788,0.8747614622116089,0.25221896171569824,0.25596022605895996,0.25505560636520386,0.2531655728816986,0.2843749225139618,,,,,,,,,,,,,,,,,,,,,,,,,,,,,,,,,,,,,,,
8,10799,,,,,,,,,,,,,,,,,,,,,,,9.376230445923284e-05,9.376230445923284e-05,3.0309265639516525e-06,,,,,,,,,,,,,,,,,,,,,,,,,,,,,,,,,,,,
8,10849,,,,,,,,,,,,,,,,,,,,,,,9.37056538532488e-05,9.37056538532488e-05,3.0290952963696327e-06,,,,,,,,,,,,,,,,,,,,,,,,,,,,,,,,,,,,
8,10899,,,,,,,,,,,,,,,,,,,,,,,9.36487631406635e-05,9.36487631406635e-05,3.0272565254563233e-06,,,,,,,,,,,,,,,,,,,,,,,,,,,,,,,,,,,,
8,10949,,,,,,,,,,,,,,,,,,,,,,,9.359163959743455e-05,9.359163959743455e-05,3.0254097964643734e-06,,,,,,,,,,,,,,,,,,,,,,,,,,,,,,,,,,,,
8,10999,,,,,,,,,,,,,,,,,,,,,,,9.353427594760433e-05,9.353427594760433e-05,3.0235553367674584e-06,,,,,,,,,,,,,,,,,,,,,,,,,,,,,,,,,,,,
8,11049,,,,,,,,,,,,,,,,,,,,,,,9.347667219117284e-05,9.347667219117284e-05,3.0216933737392537e-06,,,,,,,,,,,,,,,,,,,,,,,,,,,,,,,,,,,,
8,11099,,,,,,,,,,,,,,,,,,,,,,,9.341882832814008e-05,9.341882832814008e-05,3.019823680006084e-06,,,,,,,,,,,,,,,,,,,,,,,,,,,,,,,,,,,,
8,11149,,,,,,,,,,,,,,,,,,,,,,,9.336075163446367e-05,9.336075163446367e-05,3.0179462555679493e-06,,,,,,,,,,,,,,,,,,,,,,,,,,,,,,,,,,,,
8,11199,,,,,,,,,,,,,,,,,,,,,,,9.33024421101436e-05,9.33024421101436e-05,3.016061327798525e-06,,,,,,,,,,,,,,,,,,,,,,,,,,,,,,,,,,,,
8,11249,,,,,,,,,,,,,,,,,,,,,,,9.324388520326465e-05,9.324388520326465e-05,3.01416844195046e-06,,,,,,,,,,,,,,,,,,,,,,,,,,,,,,,,,,,,
8,11299,,,,,,,,,,,,,,,,,,,,,,,9.318510274169967e-05,9.318510274169967e-05,3.012268280144781e-06,,,,,,,,,,,,,,,,,,,,,,,,,,,,,,,,,,,,
8,11349,,,,,,,,,,,,,,,,,,,,,,,9.312608017353341e-05,9.312608017353341e-05,3.0103601602604613e-06,,,,,,,,,,,,,,,,,,,,,,,,,,,,,,,,,,,,
8,11399,,,,,,,,,,,,,,,,,,,,,,,9.306681749876589e-05,9.306681749876589e-05,3.0084447644185275e-06,,,,,,,,,,,,,,,,,,,,,,,,,,,,,,,,,,,,
8,11449,,,,,,,,,,,,,,,,,,,,,,,9.300732199335471e-05,9.300732199335471e-05,3.006521410497953e-06,,,,,,,,,,,,,,,,,,,,,,,,,,,,,,,,,,,,
8,11499,,,,,,,,,,,,,,,,,,,,,,,9.294759365729988e-05,9.294759365729988e-05,3.0045907806197647e-06,,,,,,,,,,,,,,,,,,,,,,,,,,,,,,,,,,,,
8,11549,,,,,,,,,,,,,,,,,,,,,,,9.288763249060139e-05,9.288763249060139e-05,3.002652420036611e-06,,,,,,,,,,,,,,,,,,,,,,,,,,,,,,,,,,,,
8,11599,,,,,,,,,,,,,,,,,,,,,,,9.282743121730164e-05,9.282743121730164e-05,3.0007063287484925e-06,,,,,,,,,,,,,,,,,,,,,,,,,,,,,,,,,,,,
8,11649,,,,,,,,,,,,,,,,,,,,,,,9.276700438931584e-05,9.276700438931584e-05,2.9987529615027597e-06,,,,,,,,,,,,,,,,,,,,,,,,,,,,,,,,,,,,
8,11699,,,,,,,,,,,,,,,,,,,,,,,9.270633745472878e-05,9.270633745472878e-05,2.996791863552062e-06,,,,,,,,,,,,,,,,,,,,,,,,,,,,,,,,,,,,
8,11749,,,,,,,,,,,,,,,,,,,,,,,9.264543768949807e-05,9.264543768949807e-05,2.9948232622700743e-06,,,,,,,,,,,,,,,,,,,,,,,,,,,,,,,,,,,,
8,11799,,,,,,,,,,,,,,,,,,,,,,,9.25843050936237e-05,9.25843050936237e-05,2.992847157656797e-06,,,,,,,,,,,,,,,,,,,,,,,,,,,,,,,,,,,,
8,11849,,,,,,,,,,,,,,,,,,,,,,,9.252293966710567e-05,9.252293966710567e-05,2.9908635497122305e-06,,,,,,,,,,,,,,,,,,,,,,,,,,,,,,,,,,,,
8,11899,,,,,,,,,,,,,,,,,,,,,,,9.2461341409944e-05,9.2461341409944e-05,2.9888722110626986e-06,,,,,,,,,,,,,,,,,,,,,,,,,,,,,,,,,,,,
8,11949,,,,,,,,,,,,,,,,,,,,,,,9.239951759809628e-05,9.239951759809628e-05,2.9868735964555526e-06,,,,,,,,,,,,,,,,,,,,,,,,,,,,,,,,,,,,
8,11999,,,,,,,,,,,,,,,,,,,,,,,9.23374536796473e-05,9.23374536796473e-05,2.984867478517117e-06,,,,,,,,,,,,,,,,,,,,,,,,,,,,,,,,,,,,
8,12049,,,,,,,,,,,,,,,,,,,,,,,9.227516420651227e-05,9.227516420651227e-05,2.9828538572473917e-06,,,,,,,,,,,,,,,,,,,,,,,,,,,,,,,,,,,,
8,12095,,,,,,,,,,,,,,,,,,,,,,,,,,0.34746116399765015,0.2964574694633484,0.4882715344429016,0.27099519968032837,0.6163313984870911,0.9149010181427002,0.9972212314605713,0.935046911239624,0.9149010181427002,1.0114623308181763,9.896503448486328,0.660281777381897,0.3668825626373291,0.6118265390396118,8.110102653503418,0.05095250532031059,0.04969876632094383,0.050740327686071396,0.05116115137934685,0.05851195380091667,0.8236321806907654,0.859386682510376,0.8312956094741821,0.8249836564064026,0.8472123146057129,0.25589796900749207,0.25626373291015625,0.2568323016166687,0.2576237916946411,0.28251415491104126,0.6389710903167725,0.35079634189605713,0.34255701303482056,0.6014719605445862,0.6635554432868958,0.5781687498092651
8,12095,8.264100074768066,7.525706768035889,8.169270515441895,8.233370780944824,7.336086273193359,4.691281318664551,8.191336631774902,0.053432635962963104,0.054063983261585236,0.05421580746769905,0.05346468836069107,0.06458036601543427,0.8260564804077148,0.8628798127174377,0.8318607807159424,0.8287981152534485,0.8666726350784302,0.24984152615070343,0.25275805592536926,0.2526662051677704,0.2504335343837738,0.2824498116970062,,,,,,,,,,,,,,,,,,,,,,,,,,,,,,,,,,,,,,,
9,12099,,,,,,,,,,,,,,,,,,,,,,,9.22126419027336e-05,9.22126419027336e-05,2.980832732646377e-06,,,,,,,,,,,,,,,,,,,,,,,,,,,,,,,,,,,,
9,12149,,,,,,,,,,,,,,,,,,,,,,,9.214988676831126e-05,9.214988676831126e-05,2.9788041047140723e-06,,,,,,,,,,,,,,,,,,,,,,,,,,,,,,,,,,,,
9,12199,,,,,,,,,,,,,,,,,,,,,,,9.208689880324528e-05,9.208689880324528e-05,2.9767682008241536e-06,,,,,,,,,,,,,,,,,,,,,,,,,,,,,,,,,,,,
9,12249,,,,,,,,,,,,,,,,,,,,,,,9.202368528349325e-05,9.202368528349325e-05,2.9747247936029453e-06,,,,,,,,,,,,,,,,,,,,,,,,,,,,,,,,,,,,
9,12299,,,,,,,,,,,,,,,,,,,,,,,9.196024620905519e-05,9.196024620905519e-05,2.9726738830504473e-06,,,,,,,,,,,,,,,,,,,,,,,,,,,,,,,,,,,,
9,12349,,,,,,,,,,,,,,,,,,,,,,,9.189656702801585e-05,9.189656702801585e-05,2.970615696540335e-06,,,,,,,,,,,,,,,,,,,,,,,,,,,,,,,,,,,,
9,12399,,,,,,,,,,,,,,,,,,,,,,,9.183266956824809e-05,9.183266956824809e-05,2.9685500066989334e-06,,,,,,,,,,,,,,,,,,,,,,,,,,,,,,,,,,,,
9,12449,,,,,,,,,,,,,,,,,,,,,,,9.176853927783668e-05,9.176853927783668e-05,2.966476813526242e-06,,,,,,,,,,,,,,,,,,,,,,,,,,,,,,,,,,,,
9,12499,,,,,,,,,,,,,,,,,,,,,,,9.170417615678161e-05,9.170417615678161e-05,2.964396571769612e-06,,,,,,,,,,,,,,,,,,,,,,,,,,,,,,,,,,,,
9,12549,,,,,,,,,,,,,,,,,,,,,,,9.163959475699812e-05,9.163959475699812e-05,2.9623085993080167e-06,,,,,,,,,,,,,,,,,,,,,,,,,,,,,,,,,,,,
9,12599,,,,,,,,,,,,,,,,,,,,,,,9.157478052657098e-05,9.157478052657098e-05,2.9602135782624828e-06,,,,,,,,,,,,,,,,,,,,,,,,,,,,,,,,,,,,
9,12649,,,,,,,,,,,,,,,,,,,,,,,9.150974074145779e-05,9.150974074145779e-05,2.958111053885659e-06,,,,,,,,,,,,,,,,,,,,,,,,,,,,,,,,,,,,
9,12699,,,,,,,,,,,,,,,,,,,,,,,9.144446812570095e-05,9.144446812570095e-05,2.9560012535512215e-06,,,,,,,,,,,,,,,,,,,,,,,,,,,,,,,,,,,,
9,12749,,,,,,,,,,,,,,,,,,,,,,,9.137897723121569e-05,9.137897723121569e-05,2.953883949885494e-06,,,,,,,,,,,,,,,,,,,,,,,,,,,,,,,,,,,,
9,12799,,,,,,,,,,,,,,,,,,,,,,,9.131325350608677e-05,9.131325350608677e-05,2.951759597635828e-06,,,,,,,,,,,,,,,,,,,,,,,,,,,,,,,,,,,,
9,12849,,,,,,,,,,,,,,,,,,,,,,,9.124731150222942e-05,9.124731150222942e-05,2.9496277420548722e-06,,,,,,,,,,,,,,,,,,,,,,,,,,,,,,,,,,,,
9,12899,,,,,,,,,,,,,,,,,,,,,,,9.118113666772842e-05,9.118113666772842e-05,2.9474888378899777e-06,,,,,,,,,,,,,,,,,,,,,,,,,,,,,,,,,,,,
9,12949,,,,,,,,,,,,,,,,,,,,,,,9.1114743554499e-05,9.1114743554499e-05,2.9453424303937936e-06,,,,,,,,,,,,,,,,,,,,,,,,,,,,,,,,,,,,
9,12999,,,,,,,,,,,,,,,,,,,,,,,9.104811761062592e-05,9.104811761062592e-05,2.9431889743136708e-06,,,,,,,,,,,,,,,,,,,,,,,,,,,,,,,,,,,,
9,13049,,,,,,,,,,,,,,,,,,,,,,,9.098127338802442e-05,9.098127338802442e-05,2.9410280149022583e-06,,,,,,,,,,,,,,,,,,,,,,,,,,,,,,,,,,,,
9,13099,,,,,,,,,,,,,,,,,,,,,,,9.091420361073688e-05,9.091420361073688e-05,2.938860006906907e-06,,,,,,,,,,,,,,,,,,,,,,,,,,,,,,,,,,,,
9,13149,,,,,,,,,,,,,,,,,,,,,,,9.084691555472091e-05,9.084691555472091e-05,2.9366847229539417e-06,,,,,,,,,,,,,,,,,,,,,,,,,,,,,,,,,,,,
9,13199,,,,,,,,,,,,,,,,,,,,,,,9.077939466806129e-05,9.077939466806129e-05,2.934502163043362e-06,,,,,,,,,,,,,,,,,,,,,,,,,,,,,,,,,,,,
9,13249,,,,,,,,,,,,,,,,,,,,,,,9.071165550267324e-05,9.071165550267324e-05,2.9323125545488438e-06,,,,,,,,,,,,,,,,,,,,,,,,,,,,,,,,,,,,
9,13299,,,,,,,,,,,,,,,,,,,,,,,9.064369805855677e-05,9.064369805855677e-05,2.9301156700967113e-06,,,,,,,,,,,,,,,,,,,,,,,,,,,,,,,,,,,,
9,13349,,,,,,,,,,,,,,,,,,,,,,,9.057551505975425e-05,9.057551505975425e-05,2.9279115096869646e-06,,,,,,,,,,,,,,,,,,,,,,,,,,,,,,,,,,,,
9,13399,,,,,,,,,,,,,,,,,,,,,,,9.05071065062657e-05,9.05071065062657e-05,2.925700300693279e-06,,,,,,,,,,,,,,,,,,,,,,,,,,,,,,,,,,,,
9,13439,,,,,,,,,,,,,,,,,,,,,,,,,,0.3465820252895355,0.30782440304756165,0.4908352494239807,0.27651071548461914,0.6229096055030823,0.8442167639732361,0.8959708213806152,0.8829454779624939,0.8570684194564819,0.9355679154396057,10.074492454528809,0.6598383784294128,0.36670729517936707,0.6112537980079651,8.174644470214844,0.05128609761595726,0.05083547905087471,0.052072979509830475,0.05166538059711456,0.05863959342241287,0.8365116119384766,0.8728689551353455,0.8323464393615723,0.8363239169120789,0.8609674572944641,0.25538039207458496,0.2557559609413147,0.25879496335983276,0.25684854388237,0.2797824442386627,0.6418064832687378,0.35543808341026306,0.34354791045188904,0.610617995262146,0.6711994409561157,0.5863780379295349
9,13439,8.426339149475098,7.621763229370117,8.329017639160156,8.35148811340332,7.510156154632568,4.253241539001465,8.100865364074707,0.05276922509074211,0.05355611443519592,0.05379483848810196,0.05299235135316849,0.06398755311965942,0.8124898076057434,0.8493510484695435,0.8182834386825562,0.8148933053016663,0.8550192713737488,0.2485155165195465,0.2519766688346863,0.2519093155860901,0.24944639205932617,0.28082075715065,,,,,,,,,,,,,,,,,,,,,,,,,,,,,,,,,,,,,,,
10,13449,,,,,,,,,,,,,,,,,,,,,,,9.043847967404872e-05,9.043847967404872e-05,2.923482043115655e-06,,,,,,,,,,,,,,,,,,,,,,,,,,,,,,,,,,,,
10,13499,,,,,,,,,,,,,,,,,,,,,,,9.036963456310332e-05,9.036963456310332e-05,2.9212565095804166e-06,,,,,,,,,,,,,,,,,,,,,,,,,,,,,,,,,,,,
10,13549,,,,,,,,,,,,,,,,,,,,,,,9.030056389747187e-05,9.030056389747187e-05,2.919023700087564e-06,,,,,,,,,,,,,,,,,,,,,,,,,,,,,,,,,,,,
10,13599,,,,,,,,,,,,,,,,,,,,,,,9.0231274953112e-05,9.0231274953112e-05,2.9167838420107728e-06,,,,,,,,,,,,,,,,,,,,,,,,,,,,,,,,,,,,
10,13649,,,,,,,,,,,,,,,,,,,,,,,9.016176773002371e-05,9.016176773002371e-05,2.914537162723718e-06,,,,,,,,,,,,,,,,,,,,,,,,,,,,,,,,,,,,
10,13699,,,,,,,,,,,,,,,,,,,,,,,9.009204222820699e-05,9.009204222820699e-05,2.912282980105374e-06,,,,,,,,,,,,,,,,,,,,,,,,,,,,,,,,,,,,
10,13749,,,,,,,,,,,,,,,,,,,,,,,9.002209844766185e-05,9.002209844766185e-05,2.9100219762767665e-06,,,,,,,,,,,,,,,,,,,,,,,,,,,,,,,,,,,,
10,13799,,,,,,,,,,,,,,,,,,,,,,,8.995192911243066e-05,8.995192911243066e-05,2.9077539238642203e-06,,,,,,,,,,,,,,,,,,,,,,,,,,,,,,,,,,,,
10,13849,,,,,,,,,,,,,,,,,,,,,,,8.988154877442867e-05,8.988154877442867e-05,2.90547859549406e-06,,,,,,,,,,,,,,,,,,,,,,,,,,,,,,,,,,,,
10,13899,,,,,,,,,,,,,,,,,,,,,,,8.981094288174063e-05,8.981094288174063e-05,2.903196445913636e-06,,,,,,,,,,,,,,,,,,,,,,,,,,,,,,,,,,,,
10,13949,,,,,,,,,,,,,,,,,,,,,,,8.974012598628178e-05,8.974012598628178e-05,2.9009072477492737e-06,,,,,,,,,,,,,,,,,,,,,,,,,,,,,,,,,,,,
10,13999,,,,,,,,,,,,,,,,,,,,,,,8.966909081209451e-05,8.966909081209451e-05,2.898610773627297e-06,,,,,,,,,,,,,,,,,,,,,,,,,,,,,,,,,,,,
10,14049,,,,,,,,,,,,,,,,,,,,,,,8.959783735917881e-05,8.959783735917881e-05,2.8963077056687325e-06,,,,,,,,,,,,,,,,,,,,,,,,,,,,,,,,,,,,
10,14099,,,,,,,,,,,,,,,,,,,,,,,8.952636562753469e-05,8.952636562753469e-05,2.893997361752554e-06,,,,,,,,,,,,,,,,,,,,,,,,,,,,,,,,,,,,
10,14149,,,,,,,,,,,,,,,,,,,,,,,8.945468289311975e-05,8.945468289311975e-05,2.8916799692524364e-06,,,,,,,,,,,,,,,,,,,,,,,,,,,,,,,,,,,,
10,14199,,,,,,,,,,,,,,,,,,,,,,,8.938278187997639e-05,8.938278187997639e-05,2.8893557555420557e-06,,,,,,,,,,,,,,,,,,,,,,,,,,,,,,,,,,,,
10,14249,,,,,,,,,,,,,,,,,,,,,,,8.931066986406222e-05,8.931066986406222e-05,2.8870247206214117e-06,,,,,,,,,,,,,,,,,,,,,,,,,,,,,,,,,,,,
10,14299,,,,,,,,,,,,,,,,,,,,,,,8.923833229346201e-05,8.923833229346201e-05,2.8846864097431535e-06,,,,,,,,,,,,,,,,,,,,,,,,,,,,,,,,,,,,
10,14349,,,,,,,,,,,,,,,,,,,,,,,8.91657909960486e-05,8.91657909960486e-05,2.8823415050283074e-06,,,,,,,,,,,,,,,,,,,,,,,,,,,,,,,,,,,,
10,14399,,,,,,,,,,,,,,,,,,,,,,,8.909303141990677e-05,8.909303141990677e-05,2.879989324355847e-06,,,,,,,,,,,,,,,,,,,,,,,,,,,,,,,,,,,,
10,14449,,,,,,,,,,,,,,,,,,,,,,,8.902006084099412e-05,8.902006084099412e-05,2.877630549846799e-06,,,,,,,,,,,,,,,,,,,,,,,,,,,,,,,,,,,,
10,14499,,,,,,,,,,,,,,,,,,,,,,,8.894687198335305e-05,8.894687198335305e-05,2.8752647267538123e-06,,,,,,,,,,,,,,,,,,,,,,,,,,,,,,,,,,,,
10,14549,,,,,,,,,,,,,,,,,,,,,,,8.887347212294117e-05,8.887347212294117e-05,2.872892082450562e-06,,,,,,,,,,,,,,,,,,,,,,,,,,,,,,,,,,,,
10,14599,,,,,,,,,,,,,,,,,,,,,,,8.879986125975847e-05,8.879986125975847e-05,2.8705126169370487e-06,,,,,,,,,,,,,,,,,,,,,,,,,,,,,,,,,,,,
10,14649,,,,,,,,,,,,,,,,,,,,,,,8.872603939380497e-05,8.872603939380497e-05,2.8681261028395966e-06,,,,,,,,,,,,,,,,,,,,,,,,,,,,,,,,,,,,
10,14699,,,,,,,,,,,,,,,,,,,,,,,8.865200652508065e-05,8.865200652508065e-05,2.8657329949055566e-06,,,,,,,,,,,,,,,,,,,,,,,,,,,,,,,,,,,,
10,14749,,,,,,,,,,,,,,,,,,,,,,,8.857776265358552e-05,8.857776265358552e-05,2.863332838387578e-06,,,,,,,,,,,,,,,,,,,,,,,,,,,,,,,,,,,,
10,14783,,,,,,,,,,,,,,,,,,,,,,,,,,0.3458177447319031,0.299326628446579,0.4859520494937897,0.2784639298915863,0.6252089738845825,0.8162556290626526,0.8918027281761169,0.8506425619125366,0.8296283483505249,0.8871135711669922,10.24217414855957,0.6639223694801331,0.3696027398109436,0.6054380536079407,8.120609283447266,0.05178755521774292,0.05122498422861099,0.052297137677669525,0.05160350725054741,0.05839698016643524,0.819229006767273,0.8496719002723694,0.8231595158576965,0.8220195174217224,0.8404474258422852,0.2590552270412445,0.2587033808231354,0.26063889265060425,0.25879162549972534,0.28257864713668823,0.6446347236633301,0.3523900806903839,0.3379709720611572,0.5945707559585571,0.6849916577339172,0.57548588514328
10,14783,8.617447853088379,7.827232360839844,8.48816967010498,8.574479103088379,7.782626628875732,4.160909175872803,8.036500930786133,0.05236685276031494,0.053149644285440445,0.05281159654259682,0.05260634794831276,0.0629277303814888,0.8090178966522217,0.8481301665306091,0.8185958862304688,0.8118457794189453,0.8504256010055542,0.24527190625667572,0.24887998402118683,0.2475464791059494,0.24628089368343353,0.27660810947418213,,,,,,,,,,,,,,,,,,,,,,,,,,,,,,,,,,,,,,,
11,14799,,,,,,,,,,,,,,,,,,,,,,,8.850330050336197e-05,8.850330050336197e-05,2.860926088033011e-06,,,,,,,,,,,,,,,,,,,,,,,,,,,,,,,,,,,,
11,14849,,,,,,,,,,,,,,,,,,,,,,,8.842863462632522e-05,8.842863462632522e-05,2.8585125164681813e-06,,,,,,,,,,,,,,,,,,,,,,,,,,,,,,,,,,,,
11,14899,,,,,,,,,,,,,,,,,,,,,,,8.835375774651766e-05,8.835375774651766e-05,2.8560918963194126e-06,,,,,,,,,,,,,,,,,,,,,,,,,,,,,,,,,,,,
11,14949,,,,,,,,,,,,,,,,,,,,,,,8.827866986393929e-05,8.827866986393929e-05,2.853664682334056e-06,,,,,,,,,,,,,,,,,,,,,,,,,,,,,,,,,,,,
11,14999,,,,,,,,,,,,,,,,,,,,,,,8.820337825454772e-05,8.820337825454772e-05,2.8512308745121118e-06,,,,,,,,,,,,,,,,,,,,,,,,,,,,,,,,,,,,
11,15049,,,,,,,,,,,,,,,,,,,,,,,8.812787564238533e-05,8.812787564238533e-05,2.8487900181062287e-06,,,,,,,,,,,,,,,,,,,,,,,,,,,,,,,,,,,,
11,15099,,,,,,,,,,,,,,,,,,,,,,,8.805216202745214e-05,8.805216202745214e-05,2.8463425678637577e-06,,,,,,,,,,,,,,,,,,,,,,,,,,,,,,,,,,,,
11,15149,,,,,,,,,,,,,,,,,,,,,,,8.797623740974814e-05,8.797623740974814e-05,2.8438882964110235e-06,,,,,,,,,,,,,,,,,,,,,,,,,,,,,,,,,,,,
11,15199,,,,,,,,,,,,,,,,,,,,,,,8.790010906523094e-05,8.790010906523094e-05,2.8414274311217014e-06,,,,,,,,,,,,,,,,,,,,,,,,,,,,,,,,,,,,
11,15249,,,,,,,,,,,,,,,,,,,,,,,8.782377699390054e-05,8.782377699390054e-05,2.8389599719957914e-06,,,,,,,,,,,,,,,,,,,,,,,,,,,,,,,,,,,,
11,15299,,,,,,,,,,,,,,,,,,,,,,,8.774723391979933e-05,8.774723391979933e-05,2.836485691659618e-06,,,,,,,,,,,,,,,,,,,,,,,,,,,,,,,,,,,,
11,15349,,,,,,,,,,,,,,,,,,,,,,,8.767048711888492e-05,8.767048711888492e-05,2.834004817486857e-06,,,,,,,,,,,,,,,,,,,,,,,,,,,,,,,,,,,,
11,15399,,,,,,,,,,,,,,,,,,,,,,,8.75935293151997e-05,8.75935293151997e-05,2.8315171221038327e-06,,,,,,,,,,,,,,,,,,,,,,,,,,,,,,,,,,,,
11,15449,,,,,,,,,,,,,,,,,,,,,,,8.75163750606589e-05,8.75163750606589e-05,2.8290228328842204e-06,,,,,,,,,,,,,,,,,,,,,,,,,,,,,,,,,,,,
11,15499,,,,,,,,,,,,,,,,,,,,,,,8.743900980334729e-05,8.743900980334729e-05,2.8265219498280203e-06,,,,,,,,,,,,,,,,,,,,,,,,,,,,,,,,,,,,
11,15549,,,,,,,,,,,,,,,,,,,,,,,8.736144081922248e-05,8.736144081922248e-05,2.8240144729352323e-06,,,,,,,,,,,,,,,,,,,,,,,,,,,,,,,,,,,,
11,15599,,,,,,,,,,,,,,,,,,,,,,,8.728366810828447e-05,8.728366810828447e-05,2.821500629579532e-06,,,,,,,,,,,,,,,,,,,,,,,,,,,,,,,,,,,,
11,15649,,,,,,,,,,,,,,,,,,,,,,,8.720569167053327e-05,8.720569167053327e-05,2.8189799650135683e-06,,,,,,,,,,,,,,,,,,,,,,,,,,,,,,,,,,,,
11,15699,,,,,,,,,,,,,,,,,,,,,,,8.712751150596887e-05,8.712751150596887e-05,2.8164527066110168e-06,,,,,,,,,,,,,,,,,,,,,,,,,,,,,,,,,,,,
11,15749,,,,,,,,,,,,,,,,,,,,,,,8.704912761459127e-05,8.704912761459127e-05,2.8139188543718774e-06,,,,,,,,,,,,,,,,,,,,,,,,,,,,,,,,,,,,
11,15799,,,,,,,,,,,,,,,,,,,,,,,8.697053999640048e-05,8.697053999640048e-05,2.8113786356698256e-06,,,,,,,,,,,,,,,,,,,,,,,,,,,,,,,,,,,,
11,15849,,,,,,,,,,,,,,,,,,,,,,,8.68917559273541e-05,8.68917559273541e-05,2.8088315957575105e-06,,,,,,,,,,,,,,,,,,,,,,,,,,,,,,,,,,,,
11,15899,,,,,,,,,,,,,,,,,,,,,,,8.681276085553691e-05,8.681276085553691e-05,2.8062784167559585e-06,,,,,,,,,,,,,,,,,,,,,,,,,,,,,,,,,,,,
11,15949,,,,,,,,,,,,,,,,,,,,,,,8.673357660882175e-05,8.673357660882175e-05,2.803718416544143e-06,,,,,,,,,,,,,,,,,,,,,,,,,,,,,,,,,,,,
11,15999,,,,,,,,,,,,,,,,,,,,,,,8.665418135933578e-05,8.665418135933578e-05,2.8011520498694154e-06,,,,,,,,,,,,,,,,,,,,,,,,,,,,,,,,,,,,
11,16049,,,,,,,,,,,,,,,,,,,,,,,8.657458965899423e-05,8.657458965899423e-05,2.798579316731775e-06,,,,,,,,,,,,,,,,,,,,,,,,,,,,,,,,,,,,
11,16099,,,,,,,,,,,,,,,,,,,,,,,8.649480150779709e-05,8.649480150779709e-05,2.795999989757547e-06,,,,,,,,,,,,,,,,,,,,,,,,,,,,,,,,,,,,
11,16127,,,,,,,,,,,,,,,,,,,,,,,,,,0.3520452380180359,0.3103484809398651,0.4786624610424042,0.2807701826095581,0.6300559639930725,0.7815213799476624,0.8601945042610168,0.7978464961051941,0.7813476920127869,0.8872872591018677,10.38064956665039,0.6679577827453613,0.3708533048629761,0.6074875593185425,8.167630195617676,0.052894625812768936,0.05179385840892792,0.05341901257634163,0.05394374206662178,0.05931108817458153,0.8148292303085327,0.8528687953948975,0.8184700608253479,0.8161829113960266,0.8474514484405518,0.26011765003204346,0.2604012191295624,0.2633855640888214,0.26290708780288696,0.28369978070259094,0.6497203707695007,0.3554565906524658,0.33832359313964844,0.5974448919296265,0.6899482011795044,0.5803313851356506
11,16127,8.800111770629883,8.057329177856445,8.721317291259766,8.824590682983398,7.987462997436523,4.031289100646973,7.966425895690918,0.052250877022743225,0.05325799807906151,0.0529867485165596,0.052448611706495285,0.06271752715110779,0.7963458299636841,0.8327276110649109,0.8035417795181274,0.7982715368270874,0.8390187621116638,0.24535726010799408,0.24866700172424316,0.24788618087768555,0.24608182907104492,0.2761109173297882,,,,,,,,,,,,,,,,,,,,,,,,,,,,,,,,,,,,,,,
12,16149,,,,,,,,,,,,,,,,,,,,,,,8.641480962978676e-05,8.641480962978676e-05,2.7934142963204067e-06,,,,,,,,,,,,,,,,,,,,,,,,,,,,,,,,,,,,
12,16199,,,,,,,,,,,,,,,,,,,,,,,8.633462130092084e-05,8.633462130092084e-05,2.7908220090466784e-06,,,,,,,,,,,,,,,,,,,,,,,,,,,,,,,,,,,,
12,16249,,,,,,,,,,,,,,,,,,,,,,,8.625423652119935e-05,8.625423652119935e-05,2.788223582683713e-06,,,,,,,,,,,,,,,,,,,,,,,,,,,,,,,,,,,,
12,16299,,,,,,,,,,,,,,,,,,,,,,,8.617364801466465e-05,8.617364801466465e-05,2.78561856248416e-06,,,,,,,,,,,,,,,,,,,,,,,,,,,,,,,,,,,,
12,16349,,,,,,,,,,,,,,,,,,,,,,,8.609286305727437e-05,8.609286305727437e-05,2.7830071758216945e-06,,,,,,,,,,,,,,,,,,,,,,,,,,,,,,,,,,,,
12,16399,,,,,,,,,,,,,,,,,,,,,,,8.601188164902851e-05,8.601188164902851e-05,2.7803894226963166e-06,,,,,,,,,,,,,,,,,,,,,,,,,,,,,,,,,,,,
12,16449,,,,,,,,,,,,,,,,,,,,,,,8.593070378992707e-05,8.593070378992707e-05,2.7777653031080263e-06,,,,,,,,,,,,,,,,,,,,,,,,,,,,,,,,,,,,
12,16499,,,,,,,,,,,,,,,,,,,,,,,8.584932947997004e-05,8.584932947997004e-05,2.7751348170568235e-06,,,,,,,,,,,,,,,,,,,,,,,,,,,,,,,,,,,,
12,16549,,,,,,,,,,,,,,,,,,,,,,,8.576776599511504e-05,8.576776599511504e-05,2.7724979645427084e-06,,,,,,,,,,,,,,,,,,,,,,,,,,,,,,,,,,,,
12,16599,,,,,,,,,,,,,,,,,,,,,,,8.568599878344685e-05,8.568599878344685e-05,2.7698549729393562e-06,,,,,,,,,,,,,,,,,,,,,,,,,,,,,,,,,,,,
12,16649,,,,,,,,,,,,,,,,,,,,,,,8.560403512092307e-05,8.560403512092307e-05,2.7672053874994162e-06,,,,,,,,,,,,,,,,,,,,,,,,,,,,,,,,,,,,
12,16699,,,,,,,,,,,,,,,,,,,,,,,8.552188228350133e-05,8.552188228350133e-05,2.7645496629702393e-06,,,,,,,,,,,,,,,,,,,,,,,,,,,,,,,,,,,,
12,16749,,,,,,,,,,,,,,,,,,,,,,,8.5439532995224e-05,8.5439532995224e-05,2.7618877993518254e-06,,,,,,,,,,,,,,,,,,,,,,,,,,,,,,,,,,,,
12,16799,,,,,,,,,,,,,,,,,,,,,,,8.53569945320487e-05,8.53569945320487e-05,2.759219569270499e-06,,,,,,,,,,,,,,,,,,,,,,,,,,,,,,,,,,,,
12,16849,,,,,,,,,,,,,,,,,,,,,,,8.527425961801782e-05,8.527425961801782e-05,2.7565449727262603e-06,,,,,,,,,,,,,,,,,,,,,,,,,,,,,,,,,,,,
12,16899,,,,,,,,,,,,,,,,,,,,,,,8.519132825313136e-05,8.519132825313136e-05,2.75386446446646e-06,,,,,,,,,,,,,,,,,,,,,,,,,,,,,,,,,,,,
12,16949,,,,,,,,,,,,,,,,,,,,,,,8.510820771334693e-05,8.510820771334693e-05,2.751177362370072e-06,,,,,,,,,,,,,,,,,,,,,,,,,,,,,,,,,,,,
12,16999,,,,,,,,,,,,,,,,,,,,,,,8.502489799866453e-05,8.502489799866453e-05,2.7484843485581223e-06,,,,,,,,,,,,,,,,,,,,,,,,,,,,,,,,,,,,
12,17049,,,,,,,,,,,,,,,,,,,,,,,8.494139183312654e-05,8.494139183312654e-05,2.7457849682832602e-06,,,,,,,,,,,,,,,,,,,,,,,,,,,,,,,,,,,,
12,17099,,,,,,,,,,,,,,,,,,,,,,,8.485769649269059e-05,8.485769649269059e-05,2.7430794489191612e-06,,,,,,,,,,,,,,,,,,,,,,,,,,,,,,,,,,,,
12,17149,,,,,,,,,,,,,,,,,,,,,,,8.477381197735667e-05,8.477381197735667e-05,2.7403677904658252e-06,,,,,,,,,,,,,,,,,,,,,,,,,,,,,,,,,,,,
12,17199,,,,,,,,,,,,,,,,,,,,,,,8.468973828712478e-05,8.468973828712478e-05,2.7376499929232523e-06,,,,,,,,,,,,,,,,,,,,,,,,,,,,,,,,,,,,
12,17249,,,,,,,,,,,,,,,,,,,,,,,8.460546814603731e-05,8.460546814603731e-05,2.734926283665118e-06,,,,,,,,,,,,,,,,,,,,,,,,,,,,,,,,,,,,
12,17299,,,,,,,,,,,,,,,,,,,,,,,8.452101610600948e-05,8.452101610600948e-05,2.732196207944071e-06,,,,,,,,,,,,,,,,,,,,,,,,,,,,,,,,,,,,
12,17349,,,,,,,,,,,,,,,,,,,,,,,8.443637489108369e-05,8.443637489108369e-05,2.729459993133787e-06,,,,,,,,,,,,,,,,,,,,,,,,,,,,,,,,,,,,
12,17399,,,,,,,,,,,,,,,,,,,,,,,8.435154450125992e-05,8.435154450125992e-05,2.7267178666079417e-06,,,,,,,,,,,,,,,,,,,,,,,,,,,,,,,,,,,,
12,17449,,,,,,,,,,,,,,,,,,,,,,,8.426652493653819e-05,8.426652493653819e-05,2.7239696009928593e-06,,,,,,,,,,,,,,,,,,,,,,,,,,,,,,,,,,,,
12,17471,,,,,,,,,,,,,,,,,,,,,,,,,,0.35115718841552734,0.3117523789405823,0.4850306510925293,0.2811790108680725,0.6304599046707153,0.7811740040779114,0.8707884550094604,0.8093087673187256,0.7976728081703186,0.8650572896003723,10.483074188232422,0.6723862290382385,0.3729710876941681,0.6079139709472656,8.186234474182129,0.0530402772128582,0.050853993743658066,0.052406519651412964,0.05265015363693237,0.06065264344215393,0.8215512037277222,0.861502468585968,0.8329095244407654,0.8253491520881653,0.8456442952156067,0.26000547409057617,0.2590372860431671,0.25923243165016174,0.2600332498550415,0.28731852769851685,0.6518677473068237,0.35727980732917786,0.3419470191001892,0.5967369675636292,0.6684975028038025,0.5986595153808594
12,17471,9.060789108276367,8.251190185546875,9.01945686340332,9.076041221618652,8.177678108215332,3.8526535034179688,7.910428524017334,0.052191879600286484,0.05277543142437935,0.05268360301852226,0.052352000027894974,0.06311188638210297,0.7880005836486816,0.8283054232597351,0.7961599230766296,0.7900195717811584,0.8359727263450623,0.24338722229003906,0.24604368209838867,0.24557793140411377,0.24409276247024536,0.2740909159183502,,,,,,,,,,,,,,,,,,,,,,,,,,,,,,,,,,,,,,,
13,17499,,,,,,,,,,,,,,,,,,,,,,,8.41813234728761e-05,8.41813234728761e-05,2.72121519628854e-06,,,,,,,,,,,,,,,,,,,,,,,,,,,,,,,,,,,,
13,17549,,,,,,,,,,,,,,,,,,,,,,,8.409592555835843e-05,8.409592555835843e-05,2.718454879868659e-06,,,,,,,,,,,,,,,,,,,,,,,,,,,,,,,,,,,,
13,17599,,,,,,,,,,,,,,,,,,,,,,,8.401035302085802e-05,8.401035302085802e-05,2.7156884243595414e-06,,,,,,,,,,,,,,,,,,,,,,,,,,,,,,,,,,,,
13,17649,,,,,,,,,,,,,,,,,,,,,,,8.392458403250203e-05,8.392458403250203e-05,2.712916057134862e-06,,,,,,,,,,,,,,,,,,,,,,,,,,,,,,,,,,,,
13,17699,,,,,,,,,,,,,,,,,,,,,,,8.383863314520568e-05,8.383863314520568e-05,2.710137778194621e-06,,,,,,,,,,,,,,,,,,,,,,,,,,,,,,,,,,,,
13,17749,,,,,,,,,,,,,,,,,,,,,,,8.375250035896897e-05,8.375250035896897e-05,2.7073533601651434e-06,,,,,,,,,,,,,,,,,,,,,,,,,,,,,,,,,,,,
13,17799,,,,,,,,,,,,,,,,,,,,,,,8.366618567379192e-05,8.366618567379192e-05,2.704563030420104e-06,,,,,,,,,,,,,,,,,,,,,,,,,,,,,,,,,,,,
13,17849,,,,,,,,,,,,,,,,,,,,,,,8.357968181371689e-05,8.357968181371689e-05,2.701766788959503e-06,,,,,,,,,,,,,,,,,,,,,,,,,,,,,,,,,,,,
13,17899,,,,,,,,,,,,,,,,,,,,,,,8.349299605470151e-05,8.349299605470151e-05,2.6989646357833408e-06,,,,,,,,,,,,,,,,,,,,,,,,,,,,,,,,,,,,
13,17949,,,,,,,,,,,,,,,,,,,,,,,8.340612112078816e-05,8.340612112078816e-05,2.696156570891617e-06,,,,,,,,,,,,,,,,,,,,,,,,,,,,,,,,,,,,
13,17999,,,,,,,,,,,,,,,,,,,,,,,8.331907156389207e-05,8.331907156389207e-05,2.693342366910656e-06,,,,,,,,,,,,,,,,,,,,,,,,,,,,,,,,,,,,
13,18049,,,,,,,,,,,,,,,,,,,,,,,8.323184010805562e-05,8.323184010805562e-05,2.690522478587809e-06,,,,,,,,,,,,,,,,,,,,,,,,,,,,,,,,,,,,
13,18099,,,,,,,,,,,,,,,,,,,,,,,8.314441947732121e-05,8.314441947732121e-05,2.687696905923076e-06,,,,,,,,,,,,,,,,,,,,,,,,,,,,,,,,,,,,
13,18149,,,,,,,,,,,,,,,,,,,,,,,8.305682422360405e-05,8.305682422360405e-05,2.684865194169106e-06,,,,,,,,,,,,,,,,,,,,,,,,,,,,,,,,,,,,
13,18199,,,,,,,,,,,,,,,,,,,,,,,8.296904707094654e-05,8.296904707094654e-05,2.68202779807325e-06,,,,,,,,,,,,,,,,,,,,,,,,,,,,,,,,,,,,
13,18249,,,,,,,,,,,,,,,,,,,,,,,8.288108801934868e-05,8.288108801934868e-05,2.6791844902618323e-06,,,,,,,,,,,,,,,,,,,,,,,,,,,,,,,,,,,,
13,18299,,,,,,,,,,,,,,,,,,,,,,,8.279295434476808e-05,8.279295434476808e-05,2.676335270734853e-06,,,,,,,,,,,,,,,,,,,,,,,,,,,,,,,,,,,,
13,18349,,,,,,,,,,,,,,,,,,,,,,,8.270463877124712e-05,8.270463877124712e-05,2.6734805942396633e-06,,,,,,,,,,,,,,,,,,,,,,,,,,,,,,,,,,,,
13,18399,,,,,,,,,,,,,,,,,,,,,,,8.26161412987858e-05,8.26161412987858e-05,2.6706197786552366e-06,,,,,,,,,,,,,,,,,,,,,,,,,,,,,,,,,,,,
13,18449,,,,,,,,,,,,,,,,,,,,,,,8.252746920334175e-05,8.252746920334175e-05,2.667753506102599e-06,,,,,,,,,,,,,,,,,,,,,,,,,,,,,,,,,,,,
13,18499,,,,,,,,,,,,,,,,,,,,,,,8.243861520895734e-05,8.243861520895734e-05,2.6648813218344003e-06,,,,,,,,,,,,,,,,,,,,,,,,,,,,,,,,,,,,
13,18549,,,,,,,,,,,,,,,,,,,,,,,8.23495865915902e-05,8.23495865915902e-05,2.6620034532243153e-06,,,,,,,,,,,,,,,,,,,,,,,,,,,,,,,,,,,,
13,18599,,,,,,,,,,,,,,,,,,,,,,,8.226038335124031e-05,8.226038335124031e-05,2.659119672898669e-06,,,,,,,,,,,,,,,,,,,,,,,,,,,,,,,,,,,,
13,18649,,,,,,,,,,,,,,,,,,,,,,,8.217100548790768e-05,8.217100548790768e-05,2.6562304356048116e-06,,,,,,,,,,,,,,,,,,,,,,,,,,,,,,,,,,,,
13,18699,,,,,,,,,,,,,,,,,,,,,,,8.20814457256347e-05,8.20814457256347e-05,2.6533355139690684e-06,,,,,,,,,,,,,,,,,,,,,,,,,,,,,,,,,,,,
13,18749,,,,,,,,,,,,,,,,,,,,,,,8.199171134037897e-05,8.199171134037897e-05,2.650434907991439e-06,,,,,,,,,,,,,,,,,,,,,,,,,,,,,,,,,,,,
13,18799,,,,,,,,,,,,,,,,,,,,,,,8.190180960809812e-05,8.190180960809812e-05,2.6475283902982483e-06,,,,,,,,,,,,,,,,,,,,,,,,,,,,,,,,,,,,
13,18815,,,,,,,,,,,,,,,,,,,,,,,,,,0.35956355929374695,0.3145900070667267,0.489057719707489,0.2847178280353546,0.6372111439704895,0.7922890186309814,0.8136505484580994,0.7869051694869995,0.7905522584915161,0.8874609470367432,10.091756820678711,0.673464298248291,0.37277090549468994,0.6083860397338867,8.133657455444336,0.054225388914346695,0.053777191787958145,0.05465162917971611,0.05416501313447952,0.06312493979930878,0.7977222204208374,0.8304406404495239,0.8037406802177429,0.8005191087722778,0.8186414241790771,0.2638567388057709,0.2619148790836334,0.26591119170188904,0.2636491656303406,0.2861041724681854,0.657569944858551,0.3619822859764099,0.3447814881801605,0.5971734523773193,0.6854562163352966,0.5962051153182983
13,18815,9.298176765441895,8.649330139160156,9.273735046386719,9.295498847961426,8.60926342010498,3.6663239002227783,7.812056064605713,0.05098778009414673,0.051897209137678146,0.05193990096449852,0.05140070617198944,0.062005408108234406,0.7770462036132812,0.8135455846786499,0.7834637761116028,0.7783718109130859,0.8185790777206421,0.2420816719532013,0.2455912083387375,0.24517211318016052,0.24341771006584167,0.27367866039276123,,,,,,,,,,,,,,,,,,,,,,,,,,,,,,,,,,,,,,,
14,18849,,,,,,,,,,,,,,,,,,,,,,,8.181172597687691e-05,8.181172597687691e-05,2.6446166430105222e-06,,,,,,,,,,,,,,,,,,,,,,,,,,,,,,,,,,,,
14,18899,,,,,,,,,,,,,,,,,,,,,,,8.172146772267297e-05,8.172146772267297e-05,2.6416989840072347e-06,,,,,,,,,,,,,,,,,,,,,,,,,,,,,,,,,,,,
14,18949,,,,,,,,,,,,,,,,,,,,,,,8.16310421214439e-05,8.16310421214439e-05,2.6387758680357365e-06,,,,,,,,,,,,,,,,,,,,,,,,,,,,,,,,,,,,
14,18999,,,,,,,,,,,,,,,,,,,,,,,8.154044189723209e-05,8.154044189723209e-05,2.6358470677223522e-06,,,,,,,,,,,,,,,,,,,,,,,,,,,,,,,,,,,,
14,19049,,,,,,,,,,,,,,,,,,,,,,,8.144966705003753e-05,8.144966705003753e-05,2.6329128104407573e-06,,,,,,,,,,,,,,,,,,,,,,,,,,,,,,,,,,,,
14,19099,,,,,,,,,,,,,,,,,,,,,,,8.135872485581785e-05,8.135872485581785e-05,2.6299728688172763e-06,,,,,,,,,,,,,,,,,,,,,,,,,,,,,,,,,,,,
14,19149,,,,,,,,,,,,,,,,,,,,,,,8.126760803861544e-05,8.126760803861544e-05,2.6270274702255847e-06,,,,,,,,,,,,,,,,,,,,,,,,,,,,,,,,,,,,
14,19199,,,,,,,,,,,,,,,,,,,,,,,8.117631659843028e-05,8.117631659843028e-05,2.6240766146656824e-06,,,,,,,,,,,,,,,,,,,,,,,,,,,,,,,,,,,,
14,19249,,,,,,,,,,,,,,,,,,,,,,,8.108485781121999e-05,8.108485781121999e-05,2.621120074763894e-06,,,,,,,,,,,,,,,,,,,,,,,,,,,,,,,,,,,,
14,19299,,,,,,,,,,,,,,,,,,,,,,,8.099323167698458e-05,8.099323167698458e-05,2.6181583052675705e-06,,,,,,,,,,,,,,,,,,,,,,,,,,,,,,,,,,,,
14,19349,,,,,,,,,,,,,,,,,,,,,,,8.090143091976643e-05,8.090143091976643e-05,2.615190851429361e-06,,,,,,,,,,,,,,,,,,,,,,,,,,,,,,,,,,,,
14,19399,,,,,,,,,,,,,,,,,,,,,,,8.080947009148076e-05,8.080947009148076e-05,2.6122179406229407e-06,,,,,,,,,,,,,,,,,,,,,,,,,,,,,,,,,,,,
14,19449,,,,,,,,,,,,,,,,,,,,,,,8.071733464021236e-05,8.071733464021236e-05,2.6092395728483098e-06,,,,,,,,,,,,,,,,,,,,,,,,,,,,,,,,,,,,
14,19499,,,,,,,,,,,,,,,,,,,,,,,8.062503184191883e-05,8.062503184191883e-05,2.6062559754791437e-06,,,,,,,,,,,,,,,,,,,,,,,,,,,,,,,,,,,,
14,19549,,,,,,,,,,,,,,,,,,,,,,,8.053256169660017e-05,8.053256169660017e-05,2.6032666937680915e-06,,,,,,,,,,,,,,,,,,,,,,,,,,,,,,,,,,,,
14,19599,,,,,,,,,,,,,,,,,,,,,,,8.043992420425639e-05,8.043992420425639e-05,2.600272182462504e-06,,,,,,,,,,,,,,,,,,,,,,,,,,,,,,,,,,,,
14,19649,,,,,,,,,,,,,,,,,,,,,,,8.034712664084509e-05,8.034712664084509e-05,2.597272214188706e-06,,,,,,,,,,,,,,,,,,,,,,,,,,,,,,,,,,,,
14,19699,,,,,,,,,,,,,,,,,,,,,,,8.025415445445105e-05,8.025415445445105e-05,2.594267016320373e-06,,,,,,,,,,,,,,,,,,,,,,,,,,,,,,,,,,,,
14,19749,,,,,,,,,,,,,,,,,,,,,,,8.01610221969895e-05,8.01610221969895e-05,2.591256361483829e-06,,,,,,,,,,,,,,,,,,,,,,,,,,,,,,,,,,,,
14,19799,,,,,,,,,,,,,,,,,,,,,,,8.006772259250283e-05,8.006772259250283e-05,2.58824047705275e-06,,,,,,,,,,,,,,,,,,,,,,,,,,,,,,,,,,,,
14,19849,,,,,,,,,,,,,,,,,,,,,,,7.997426291694865e-05,7.997426291694865e-05,2.585219363027136e-06,,,,,,,,,,,,,,,,,,,,,,,,,,,,,,,,,,,,
14,19899,,,,,,,,,,,,,,,,,,,,,,,7.988063589436933e-05,7.988063589436933e-05,2.582192792033311e-06,,,,,,,,,,,,,,,,,,,,,,,,,,,,,,,,,,,,
14,19949,,,,,,,,,,,,,,,,,,,,,,,7.97868415247649e-05,7.97868415247649e-05,2.579160991444951e-06,,,,,,,,,,,,,,,,,,,,,,,,,,,,,,,,,,,,
14,19999,,,,,,,,,,,,,,,,,,,,,,,7.969288708409294e-05,7.969288708409294e-05,2.5761237338883802e-06,,,,,,,,,,,,,,,,,,,,,,,,,,,,,,,,,,,,
14,20049,,,,,,,,,,,,,,,,,,,,,,,7.959877257235348e-05,7.959877257235348e-05,2.5730814741109498e-06,,,,,,,,,,,,,,,,,,,,,,,,,,,,,,,,,,,,
14,20099,,,,,,,,,,,,,,,,,,,,,,,7.950449798954651e-05,7.950449798954651e-05,2.570033984738984e-06,,,,,,,,,,,,,,,,,,,,,,,,,,,,,,,,,,,,
14,20149,,,,,,,,,,,,,,,,,,,,,,,7.941006333567202e-05,7.941006333567202e-05,2.5669812657724833e-06,,,,,,,,,,,,,,,,,,,,,,,,,,,,,,,,,,,,
14,20159,,,,,,,,,,,,,,,,,,,,,,,,,,0.35550567507743835,0.31397545337677,0.49303916096687317,0.2889159917831421,0.6346616744995117,0.6926016211509705,0.7572073340415955,0.7049322724342346,0.6979854106903076,0.812955915927887,9.701165199279785,0.6739844679832458,0.37506210803985596,0.609670102596283,8.200376510620117,0.05414363369345665,0.05353352800011635,0.055212028324604034,0.05420033633708954,0.0598442405462265,0.821715772151947,0.84820955991745,0.8198940753936768,0.822473406791687,0.8429259061813354,0.26119527220726013,0.2610926330089569,0.2633894383907318,0.26047611236572266,0.284090518951416,0.6572192311286926,0.3628590703010559,0.3530150055885315,0.6012205481529236,0.6999405026435852,0.5861638784408569
14,20159,9.501450538635254,8.655952453613281,9.379687309265137,9.484709739685059,8.448921203613281,3.409766674041748,7.761137962341309,0.05092397332191467,0.051785677671432495,0.05160731077194214,0.05113910883665085,0.0615970604121685,0.7675214409828186,0.8102411031723022,0.7765132188796997,0.7702003717422485,0.8229593634605408,0.24032707512378693,0.24386629462242126,0.2428256869316101,0.24108073115348816,0.2711156904697418,,,,,,,,,,,,,,,,,,,,,,,,,,,,,,,,,,,,,,,
15,20199,,,,,,,,,,,,,,,,,,,,,,,7.931546133477241e-05,7.931546133477241e-05,2.5639233172114473e-06,,,,,,,,,,,,,,,,,,,,,,,,,,,,,,,,,,,,
15,20249,,,,,,,,,,,,,,,,,,,,,,,7.92207065387629e-05,7.92207065387629e-05,2.560860139055876e-06,,,,,,,,,,,,,,,,,,,,,,,,,,,,,,,,,,,,
15,20299,,,,,,,,,,,,,,,,,,,,,,,7.912578439572826e-05,7.912578439572826e-05,2.5577917313057696e-06,,,,,,,,,,,,,,,,,,,,,,,,,,,,,,,,,,,,
15,20349,,,,,,,,,,,,,,,,,,,,,,,7.903070945758373e-05,7.903070945758373e-05,2.5547183213348035e-06,,,,,,,,,,,,,,,,,,,,,,,,,,,,,,,,,,,,
15,20399,,,,,,,,,,,,,,,,,,,,,,,7.893547444837168e-05,7.893547444837168e-05,2.551639681769302e-06,,,,,,,,,,,,,,,,,,,,,,,,,,,,,,,,,,,,
15,20449,,,,,,,,,,,,,,,,,,,,,,,7.884007936809212e-05,7.884007936809212e-05,2.548556039982941e-06,,,,,,,,,,,,,,,,,,,,,,,,,,,,,,,,,,,,
15,20499,,,,,,,,,,,,,,,,,,,,,,,7.874452421674505e-05,7.874452421674505e-05,2.54546739597572e-06,,,,,,,,,,,,,,,,,,,,,,,,,,,,,,,,,,,,
15,20549,,,,,,,,,,,,,,,,,,,,,,,7.864881627028808e-05,7.864881627028808e-05,2.542373522373964e-06,,,,,,,,,,,,,,,,,,,,,,,,,,,,,,,,,,,,
15,20599,,,,,,,,,,,,,,,,,,,,,,,7.85529482527636e-05,7.85529482527636e-05,2.5392746465513483e-06,,,,,,,,,,,,,,,,,,,,,,,,,,,,,,,,,,,,
15,20649,,,,,,,,,,,,,,,,,,,,,,,7.845692744012922e-05,7.845692744012922e-05,2.5361705411341973e-06,,,,,,,,,,,,,,,,,,,,,,,,,,,,,,,,,,,,
15,20699,,,,,,,,,,,,,,,,,,,,,,,7.836075383238494e-05,7.836075383238494e-05,2.533061660869862e-06,,,,,,,,,,,,,,,,,,,,,,,,,,,,,,,,,,,,
15,20749,,,,,,,,,,,,,,,,,,,,,,,7.826442015357316e-05,7.826442015357316e-05,2.5299475510109914e-06,,,,,,,,,,,,,,,,,,,,,,,,,,,,,,,,,,,,
15,20799,,,,,,,,,,,,,,,,,,,,,,,7.816793367965147e-05,7.816793367965147e-05,2.5268286663049366e-06,,,,,,,,,,,,,,,,,,,,,,,,,,,,,,,,,,,,
15,20849,,,,,,,,,,,,,,,,,,,,,,,7.807129441061988e-05,7.807129441061988e-05,2.523704779378022e-06,,,,,,,,,,,,,,,,,,,,,,,,,,,,,,,,,,,,
15,20899,,,,,,,,,,,,,,,,,,,,,,,7.79745023464784e-05,7.79745023464784e-05,2.5205756628565723e-06,,,,,,,,,,,,,,,,,,,,,,,,,,,,,,,,,,,,
15,20949,,,,,,,,,,,,,,,,,,,,,,,7.787755748722702e-05,7.787755748722702e-05,2.5174419988616137e-06,,,,,,,,,,,,,,,,,,,,,,,,,,,,,,,,,,,,
15,20999,,,,,,,,,,,,,,,,,,,,,,,7.778045255690813e-05,7.778045255690813e-05,2.51430310527212e-06,,,,,,,,,,,,,,,,,,,,,,,,,,,,,,,,,,,,
15,21049,,,,,,,,,,,,,,,,,,,,,,,7.768320210743695e-05,7.768320210743695e-05,2.5111594368354417e-06,,,,,,,,,,,,,,,,,,,,,,,,,,,,,,,,,,,,
15,21099,,,,,,,,,,,,,,,,,,,,,,,7.75858061388135e-05,7.75858061388135e-05,2.508010766177904e-06,,,,,,,,,,,,,,,,,,,,,,,,,,,,,,,,,,,,
15,21149,,,,,,,,,,,,,,,,,,,,,,,7.748825009912252e-05,7.748825009912252e-05,2.5048573206731817e-06,,,,,,,,,,,,,,,,,,,,,,,,,,,,,,,,,,,,
15,21199,,,,,,,,,,,,,,,,,,,,,,,7.739054854027927e-05,7.739054854027927e-05,2.501699100321275e-06,,,,,,,,,,,,,,,,,,,,,,,,,,,,,,,,,,,,
15,21249,,,,,,,,,,,,,,,,,,,,,,,7.729269418632612e-05,7.729269418632612e-05,2.498535877748509e-06,,,,,,,,,,,,,,,,,,,,,,,,,,,,,,,,,,,,
15,21299,,,,,,,,,,,,,,,,,,,,,,,7.719469431322068e-05,7.719469431322068e-05,2.495368107702234e-06,,,,,,,,,,,,,,,,,,,,,,,,,,,,,,,,,,,,
15,21349,,,,,,,,,,,,,,,,,,,,,,,7.709654164500535e-05,7.709654164500535e-05,2.492195335435099e-06,,,,,,,,,,,,,,,,,,,,,,,,,,,,,,,,,,,,
15,21399,,,,,,,,,,,,,,,,,,,,,,,7.699824345763773e-05,7.699824345763773e-05,2.48901778832078e-06,,,,,,,,,,,,,,,,,,,,,,,,,,,,,,,,,,,,
15,21449,,,,,,,,,,,,,,,,,,,,,,,7.689979975111783e-05,7.689979975111783e-05,2.4858354663592763e-06,,,,,,,,,,,,,,,,,,,,,,,,,,,,,,,,,,,,
15,21499,,,,,,,,,,,,,,,,,,,,,,,7.680121052544564e-05,7.680121052544564e-05,2.4826483695505885e-06,,,,,,,,,,,,,,,,,,,,,,,,,,,,,,,,,,,,
15,21503,,,,,,,,,,,,,,,,,,,,,,,,,,0.3513692617416382,0.31490951776504517,0.4895482659339905,0.27782779932022095,0.636009156703949,0.7360194325447083,0.7839527726173401,0.742618978023529,0.7433136701583862,0.785168468952179,9.924209594726562,0.6711845397949219,0.37101417779922485,0.6051081418991089,8.223318099975586,0.05382569506764412,0.05405575782060623,0.05481867492198944,0.05425528064370155,0.06273665279150009,0.8169480562210083,0.8439934849739075,0.817327082157135,0.8154034614562988,0.8328224420547485,0.2626713216304779,0.26401060819625854,0.2662586271762848,0.2646385133266449,0.2916039824485779,0.6577039957046509,0.3584136962890625,0.3386346101760864,0.5990633964538574,0.6425986886024475,0.630750298500061
15,21503,9.777046203613281,9.101897239685059,9.739248275756836,9.77745532989502,8.974367141723633,3.5192222595214844,7.6300225257873535,0.04984335973858833,0.05082417279481888,0.05087127164006233,0.05015294626355171,0.060539305210113525,0.757830023765564,0.7950021624565125,0.763920247554779,0.7597737908363342,0.804223358631134,0.2358267903327942,0.23966389894485474,0.23945145308971405,0.23694445192813873,0.26716724038124084,,,,,,,,,,,,,,,,,,,,,,,,,,,,,,,,,,,,,,,
16,21549,,,,,,,,,,,,,,,,,,,,,,,7.670246850466356e-05,7.670246850466356e-05,2.4794564978947164e-06,,,,,,,,,,,,,,,,,,,,,,,,,,,,,,,,,,,,
16,21599,,,,,,,,,,,,,,,,,,,,,,,7.660358096472919e-05,7.660358096472919e-05,2.4762600787653355e-06,,,,,,,,,,,,,,,,,,,,,,,,,,,,,,,,,,,,
16,21649,,,,,,,,,,,,,,,,,,,,,,,7.650455518160015e-05,7.650455518160015e-05,2.4730586574150948e-06,,,,,,,,,,,,,,,,,,,,,,,,,,,,,,,,,,,,
16,21699,,,,,,,,,,,,,,,,,,,,,,,7.640537660336122e-05,7.640537660336122e-05,2.4698529159650207e-06,,,,,,,,,,,,,,,,,,,,,,,,,,,,,,,,,,,,
16,21749,,,,,,,,,,,,,,,,,,,,,,,7.630605978192762e-05,7.630605978192762e-05,2.4666423996677622e-06,,,,,,,,,,,,,,,,,,,,,,,,,,,,,,,,,,,,
16,21799,,,,,,,,,,,,,,,,,,,,,,,7.620659744134173e-05,7.620659744134173e-05,2.4634271085233195e-06,,,,,,,,,,,,,,,,,,,,,,,,,,,,,,,,,,,,
16,21849,,,,,,,,,,,,,,,,,,,,,,,7.610698958160356e-05,7.610698958160356e-05,2.460207269905368e-06,,,,,,,,,,,,,,,,,,,,,,,,,,,,,,,,,,,,
16,21899,,,,,,,,,,,,,,,,,,,,,,,7.60072362027131e-05,7.60072362027131e-05,2.4569828838139074e-06,,,,,,,,,,,,,,,,,,,,,,,,,,,,,,,,,,,,
16,21949,,,,,,,,,,,,,,,,,,,,,,,7.590735185658559e-05,7.590735185658559e-05,2.4537537228752626e-06,,,,,,,,,,,,,,,,,,,,,,,,,,,,,,,,,,,,
16,21999,,,,,,,,,,,,,,,,,,,,,,,7.580731471534818e-05,7.580731471534818e-05,2.4505202418367844e-06,,,,,,,,,,,,,,,,,,,,,,,,,,,,,,,,,,,,
16,22049,,,,,,,,,,,,,,,,,,,,,,,7.57071393309161e-05,7.57071393309161e-05,2.447281985951122e-06,,,,,,,,,,,,,,,,,,,,,,,,,,,,,,,,,,,,
16,22099,,,,,,,,,,,,,,,,,,,,,,,7.560682570328936e-05,7.560682570328936e-05,2.4440391825919505e-06,,,,,,,,,,,,,,,,,,,,,,,,,,,,,,,,,,,,
16,22149,,,,,,,,,,,,,,,,,,,,,,,7.550637383246794e-05,7.550637383246794e-05,2.4407920591329457e-06,,,,,,,,,,,,,,,,,,,,,,,,,,,,,,,,,,,,
16,22199,,,,,,,,,,,,,,,,,,,,,,,7.540578371845186e-05,7.540578371845186e-05,2.4375401608267566e-06,,,,,,,,,,,,,,,,,,,,,,,,,,,,,,,,,,,,
16,22249,,,,,,,,,,,,,,,,,,,,,,,7.530504808528349e-05,7.530504808528349e-05,2.434283942420734e-06,,,,,,,,,,,,,,,,,,,,,,,,,,,,,,,,,,,,
16,22299,,,,,,,,,,,,,,,,,,,,,,,7.520418148487806e-05,7.520418148487806e-05,2.431023403914878e-06,,,,,,,,,,,,,,,,,,,,,,,,,,,,,,,,,,,,
16,22349,,,,,,,,,,,,,,,,,,,,,,,7.510316936532035e-05,7.510316936532035e-05,2.427758090561838e-06,,,,,,,,,,,,,,,,,,,,,,,,,,,,,,,,,,,,
16,22399,,,,,,,,,,,,,,,,,,,,,,,7.500202627852559e-05,7.500202627852559e-05,2.4244886844826397e-06,,,,,,,,,,,,,,,,,,,,,,,,,,,,,,,,,,,,
16,22449,,,,,,,,,,,,,,,,,,,,,,,7.490074494853616e-05,7.490074494853616e-05,2.421214503556257e-06,,,,,,,,,,,,,,,,,,,,,,,,,,,,,,,,,,,,
16,22499,,,,,,,,,,,,,,,,,,,,,,,7.479932537535205e-05,7.479932537535205e-05,2.4179362299037166e-06,,,,,,,,,,,,,,,,,,,,,,,,,,,,,,,,,,,,
16,22549,,,,,,,,,,,,,,,,,,,,,,,7.469776755897328e-05,7.469776755897328e-05,2.414653408777667e-06,,,,,,,,,,,,,,,,,,,,,,,,,,,,,,,,,,,,
16,22599,,,,,,,,,,,,,,,,,,,,,,,7.459607877535746e-05,7.459607877535746e-05,2.4113662675517844e-06,,,,,,,,,,,,,,,,,,,,,,,,,,,,,,,,,,,,
16,22649,,,,,,,,,,,,,,,,,,,,,,,7.449425902450457e-05,7.449425902450457e-05,2.408074806226068e-06,,,,,,,,,,,,,,,,,,,,,,,,,,,,,,,,,,,,
16,22699,,,,,,,,,,,,,,,,,,,,,,,7.439230103045702e-05,7.439230103045702e-05,2.4047790248005185e-06,,,,,,,,,,,,,,,,,,,,,,,,,,,,,,,,,,,,
16,22749,,,,,,,,,,,,,,,,,,,,,,,7.429021206917241e-05,7.429021206917241e-05,2.4014789232751355e-06,,,,,,,,,,,,,,,,,,,,,,,,,,,,,,,,,,,,
16,22799,,,,,,,,,,,,,,,,,,,,,,,7.418799214065075e-05,7.418799214065075e-05,2.398174501649919e-06,,,,,,,,,,,,,,,,,,,,,,,,,,,,,,,,,,,,
16,22847,,,,,,,,,,,,,,,,,,,,,,,,,,0.36022067070007324,0.317977637052536,0.49836623668670654,0.29028359055519104,0.6425452828407288,0.7327197194099426,0.7799583077430725,0.7547759413719177,0.7382771968841553,0.8148662447929382,9.8740234375,0.6719595193862915,0.373436838388443,0.6094225645065308,8.056733131408691,0.053019825369119644,0.05342445522546768,0.05404861271381378,0.05366816744208336,0.060315221548080444,0.7966547012329102,0.82041996717453,0.7957333922386169,0.7970260381698608,0.8133222460746765,0.25913313031196594,0.26211631298065186,0.26297423243522644,0.26093173027038574,0.2854432761669159,0.6644562482833862,0.3667120337486267,0.35687512159347534,0.6093845963478088,0.6984455585479736,0.5958860516548157
16,22847,9.931100845336914,9.197731018066406,9.825520515441895,9.884225845336914,9.0779390335083,3.4306294918060303,7.5909504890441895,0.04936794936656952,0.0501631498336792,0.049945008009672165,0.04950223118066788,0.060051605105400085,0.751922607421875,0.7922430038452148,0.7598713636398315,0.7545478940010071,0.802087664604187,0.23606477677822113,0.23929479718208313,0.2385174036026001,0.23687641322612762,0.2668111026287079,,,,,,,,,,,,,,,,,,,,,,,,,,,,,,,,,,,,,,,
17,22849,,,,,,,,,,,,,,,,,,,,,,,7.408563396893442e-05,7.408563396893442e-05,2.394865759924869e-06,,,,,,,,,,,,,,,,,,,,,,,,,,,,,,,,,,,,
17,22899,,,,,,,,,,,,,,,,,,,,,,,7.398315210593864e-05,7.398315210593864e-05,2.3915526980999857e-06,,,,,,,,,,,,,,,,,,,,,,,,,,,,,,,,,,,,
17,22949,,,,,,,,,,,,,,,,,,,,,,,7.38805319997482e-05,7.38805319997482e-05,2.3882355435489444e-06,,,,,,,,,,,,,,,,,,,,,,,,,,,,,,,,,,,,
17,22999,,,,,,,,,,,,,,,,,,,,,,,7.37777809263207e-05,7.37777809263207e-05,2.384914296271745e-06,,,,,,,,,,,,,,,,,,,,,,,,,,,,,,,,,,,,
17,23049,,,,,,,,,,,,,,,,,,,,,,,7.367490616161376e-05,7.367490616161376e-05,2.381588501521037e-06,,,,,,,,,,,,,,,,,,,,,,,,,,,,,,,,,,,,
17,23099,,,,,,,,,,,,,,,,,,,,,,,7.357190042966977e-05,7.357190042966977e-05,2.3782588414178463e-06,,,,,,,,,,,,,,,,,,,,,,,,,,,,,,,,,,,,
17,23149,,,,,,,,,,,,,,,,,,,,,,,7.346876373048872e-05,7.346876373048872e-05,2.374924861214822e-06,,,,,,,,,,,,,,,,,,,,,,,,,,,,,,,,,,,,
17,23199,,,,,,,,,,,,,,,,,,,,,,,7.336549606407061e-05,7.336549606407061e-05,2.37158678828564e-06,,,,,,,,,,,,,,,,,,,,,,,,,,,,,,,,,,,,
17,23249,,,,,,,,,,,,,,,,,,,,,,,7.326210470637307e-05,7.326210470637307e-05,2.3682446226303e-06,,,,,,,,,,,,,,,,,,,,,,,,,,,,,,,,,,,,
17,23299,,,,,,,,,,,,,,,,,,,,,,,7.315858965739608e-05,7.315858965739608e-05,2.364898364248802e-06,,,,,,,,,,,,,,,,,,,,,,,,,,,,,,,,,,,,
17,23349,,,,,,,,,,,,,,,,,,,,,,,7.305494364118204e-05,7.305494364118204e-05,2.3615477857674705e-06,,,,,,,,,,,,,,,,,,,,,,,,,,,,,,,,,,,,
17,23399,,,,,,,,,,,,,,,,,,,,,,,7.295116665773094e-05,7.295116665773094e-05,2.3581933419336565e-06,,,,,,,,,,,,,,,,,,,,,,,,,,,,,,,,,,,,
17,23449,,,,,,,,,,,,,,,,,,,,,,,7.284727325895801e-05,7.284727325895801e-05,2.3548348053736845e-06,,,,,,,,,,,,,,,,,,,,,,,,,,,,,,,,,,,,
17,23499,,,,,,,,,,,,,,,,,,,,,,,7.274324889294803e-05,7.274324889294803e-05,2.3514721760875545e-06,,,,,,,,,,,,,,,,,,,,,,,,,,,,,,,,,,,,
17,23549,,,,,,,,,,,,,,,,,,,,,,,7.263910811161622e-05,7.263910811161622e-05,2.348105681448942e-06,,,,,,,,,,,,,,,,,,,,,,,,,,,,,,,,,,,,
17,23599,,,,,,,,,,,,,,,,,,,,,,,7.253483636304736e-05,7.253483636304736e-05,2.3447350940841716e-06,,,,,,,,,,,,,,,,,,,,,,,,,,,,,,,,,,,,
17,23649,,,,,,,,,,,,,,,,,,,,,,,7.243044092319906e-05,7.243044092319906e-05,2.3413606413669186e-06,,,,,,,,,,,,,,,,,,,,,,,,,,,,,,,,,,,,
17,23699,,,,,,,,,,,,,,,,,,,,,,,7.232592906802893e-05,7.232592906802893e-05,2.3379820959235076e-06,,,,,,,,,,,,,,,,,,,,,,,,,,,,,,,,,,,,
17,23749,,,,,,,,,,,,,,,,,,,,,,,7.222128624562174e-05,7.222128624562174e-05,2.3345994577539386e-06,,,,,,,,,,,,,,,,,,,,,,,,,,,,,,,,,,,,
17,23799,,,,,,,,,,,,,,,,,,,,,,,7.211653428385034e-05,7.211653428385034e-05,2.3312131816055626e-06,,,,,,,,,,,,,,,,,,,,,,,,,,,,,,,,,,,,
17,23849,,,,,,,,,,,,,,,,,,,,,,,7.201165135484189e-05,7.201165135484189e-05,2.3278228127310285e-06,,,,,,,,,,,,,,,,,,,,,,,,,,,,,,,,,,,,
17,23899,,,,,,,,,,,,,,,,,,,,,,,7.190665201051161e-05,7.190665201051161e-05,2.324428578504012e-06,,,,,,,,,,,,,,,,,,,,,,,,,,,,,,,,,,,,
17,23949,,,,,,,,,,,,,,,,,,,,,,,7.180152897490188e-05,7.180152897490188e-05,2.3210307062981883e-06,,,,,,,,,,,,,,,,,,,,,,,,,,,,,,,,,,,,
17,23999,,,,,,,,,,,,,,,,,,,,,,,7.169628952397034e-05,7.169628952397034e-05,2.3176287413662067e-06,,,,,,,,,,,,,,,,,,,,,,,,,,,,,,,,,,,,
17,24049,,,,,,,,,,,,,,,,,,,,,,,7.159093365771696e-05,7.159093365771696e-05,2.3142229110817425e-06,,,,,,,,,,,,,,,,,,,,,,,,,,,,,,,,,,,,
17,24099,,,,,,,,,,,,,,,,,,,,,,,7.148546137614176e-05,7.148546137614176e-05,2.3108134428184712e-06,,,,,,,,,,,,,,,,,,,,,,,,,,,,,,,,,,,,
17,24149,,,,,,,,,,,,,,,,,,,,,,,7.137986540328711e-05,7.137986540328711e-05,2.3074001092027174e-06,,,,,,,,,,,,,,,,,,,,,,,,,,,,,,,,,,,,
17,24191,,,,,,,,,,,,,,,,,,,,,,,,,,0.3394868075847626,0.31116968393325806,0.48407790064811707,0.28978484869003296,0.633062481880188,0.6830496788024902,0.7160472273826599,0.6757554411888123,0.6728030443191528,0.7396665215492249,10.305275917053223,0.6681401133537292,0.37029990553855896,0.6032162308692932,8.223861694335938,0.05427936464548111,0.05358366295695305,0.055241432040929794,0.05450180917978287,0.060918353497982025,0.8223071098327637,0.8436303734779358,0.8228433728218079,0.8227183818817139,0.8326938152313232,0.26332488656044006,0.2639104425907135,0.2674826681613922,0.26512864232063293,0.28367501497268677,0.6540394425392151,0.35612982511520386,0.33412298560142517,0.5979902148246765,0.6641467213630676,0.6114351153373718
17,24191,10.096577644348145,9.364731788635254,10.06640625,10.038541793823242,9.304947853088379,3.374518394470215,7.527322769165039,0.049418993294239044,0.050211455672979355,0.050263240933418274,0.04961271211504936,0.059559788554906845,0.7418342232704163,0.7802065014839172,0.7478742599487305,0.7441427111625671,0.791851818561554,0.2351617068052292,0.23847168684005737,0.23821991682052612,0.23625177145004272,0.2649296224117279,,,,,,,,,,,,,,,,,,,,,,,,,,,,,,,,,,,,,,,
18,24199,,,,,,,,,,,,,,,,,,,,,,,7.127416029106826e-05,7.127416029106826e-05,2.303982910234481e-06,,,,,,,,,,,,,,,,,,,,,,,,,,,,,,,,,,,,
18,24249,,,,,,,,,,,,,,,,,,,,,,,7.116833148756996e-05,7.116833148756996e-05,2.3005620732874377e-06,,,,,,,,,,,,,,,,,,,,,,,,,,,,,,,,,,,,
18,24299,,,,,,,,,,,,,,,,,,,,,,,7.106239354470745e-05,7.106239354470745e-05,2.2971373709879117e-06,,,,,,,,,,,,,,,,,,,,,,,,,,,,,,,,,,,,
18,24349,,,,,,,,,,,,,,,,,,,,,,,7.09563319105655e-05,7.09563319105655e-05,2.2937090307095787e-06,,,,,,,,,,,,,,,,,,,,,,,,,,,,,,,,,,,,
18,24399,,,,,,,,,,,,,,,,,,,,,,,7.085016113705933e-05,7.085016113705933e-05,2.2902770524524385e-06,,,,,,,,,,,,,,,,,,,,,,,,,,,,,,,,,,,,
18,24449,,,,,,,,,,,,,,,,,,,,,,,7.074388122418895e-05,7.074388122418895e-05,2.286841208842816e-06,,,,,,,,,,,,,,,,,,,,,,,,,,,,,,,,,,,,
18,24499,,,,,,,,,,,,,,,,,,,,,,,7.063747762003914e-05,7.063747762003914e-05,2.2834019546280615e-06,,,,,,,,,,,,,,,,,,,,,,,,,,,,,,,,,,,,
18,24549,,,,,,,,,,,,,,,,,,,,,,,7.053097215248272e-05,7.053097215248272e-05,2.2799588350608246e-06,,,,,,,,,,,,,,,,,,,,,,,,,,,,,,,,,,,,
18,24599,,,,,,,,,,,,,,,,,,,,,,,7.042434299364686e-05,7.042434299364686e-05,2.276512304888456e-06,,,,,,,,,,,,,,,,,,,,,,,,,,,,,,,,,,,,
18,24649,,,,,,,,,,,,,,,,,,,,,,,7.03176119714044e-05,7.03176119714044e-05,2.273061909363605e-06,,,,,,,,,,,,,,,,,,,,,,,,,,,,,,,,,,,,
18,24699,,,,,,,,,,,,,,,,,,,,,,,7.021076453384012e-05,7.021076453384012e-05,2.2696081032336224e-06,,,,,,,,,,,,,,,,,,,,,,,,,,,,,,,,,,,,
18,24749,,,,,,,,,,,,,,,,,,,,,,,7.010380795691162e-05,7.010380795691162e-05,2.2661506591248326e-06,,,,,,,,,,,,,,,,,,,,,,,,,,,,,,,,,,,,
18,24799,,,,,,,,,,,,,,,,,,,,,,,6.999674224061891e-05,6.999674224061891e-05,2.2626895770372357e-06,,,,,,,,,,,,,,,,,,,,,,,,,,,,,,,,,,,,
18,24849,,,,,,,,,,,,,,,,,,,,,,,6.988956738496199e-05,6.988956738496199e-05,2.259225084344507e-06,,,,,,,,,,,,,,,,,,,,,,,,,,,,,,,,,,,,
18,24899,,,,,,,,,,,,,,,,,,,,,,,6.978228338994086e-05,6.978228338994086e-05,2.255757181046647e-06,,,,,,,,,,,,,,,,,,,,,,,,,,,,,,,,,,,,
18,24949,,,,,,,,,,,,,,,,,,,,,,,6.967489025555551e-05,6.967489025555551e-05,2.2522856397699798e-06,,,,,,,,,,,,,,,,,,,,,,,,,,,,,,,,,,,,
18,24999,,,,,,,,,,,,,,,,,,,,,,,6.956739525776356e-05,6.956739525776356e-05,2.248810687888181e-06,,,,,,,,,,,,,,,,,,,,,,,,,,,,,,,,,,,,
18,25049,,,,,,,,,,,,,,,,,,,,,,,6.945978384464979e-05,6.945978384464979e-05,2.245332098027575e-06,,,,,,,,,,,,,,,,,,,,,,,,,,,,,,,,,,,,
18,25099,,,,,,,,,,,,,,,,,,,,,,,6.935207056812942e-05,6.935207056812942e-05,2.2418503249355126e-06,,,,,,,,,,,,,,,,,,,,,,,,,,,,,,,,,,,,
18,25149,,,,,,,,,,,,,,,,,,,,,,,6.924425542820245e-05,6.924425542820245e-05,2.2383649138646433e-06,,,,,,,,,,,,,,,,,,,,,,,,,,,,,,,,,,,,
18,25199,,,,,,,,,,,,,,,,,,,,,,,6.913633114891127e-05,6.913633114891127e-05,2.234876319562318e-06,,,,,,,,,,,,,,,,,,,,,,,,,,,,,,,,,,,,
18,25249,,,,,,,,,,,,,,,,,,,,,,,6.902830500621349e-05,6.902830500621349e-05,2.231384087281185e-06,,,,,,,,,,,,,,,,,,,,,,,,,,,,,,,,,,,,
18,25299,,,,,,,,,,,,,,,,,,,,,,,6.892016972415149e-05,6.892016972415149e-05,2.2278886717685964e-06,,,,,,,,,,,,,,,,,,,,,,,,,,,,,,,,,,,,
18,25349,,,,,,,,,,,,,,,,,,,,,,,6.88119325786829e-05,6.88119325786829e-05,2.2243900730245514e-06,,,,,,,,,,,,,,,,,,,,,,,,,,,,,,,,,,,,
18,25399,,,,,,,,,,,,,,,,,,,,,,,6.870359356980771e-05,6.870359356980771e-05,2.2208878363016993e-06,,,,,,,,,,,,,,,,,,,,,,,,,,,,,,,,,,,,
18,25449,,,,,,,,,,,,,,,,,,,,,,,6.859515269752592e-05,6.859515269752592e-05,2.217382416347391e-06,,,,,,,,,,,,,,,,,,,,,,,,,,,,,,,,,,,,
18,25499,,,,,,,,,,,,,,,,,,,,,,,6.848661723779514e-05,6.848661723779514e-05,2.2138738131616265e-06,,,,,,,,,,,,,,,,,,,,,,,,,,,,,,,,,,,,
18,25535,,,,,,,,,,,,,,,,,,,,,,,,,,0.3593391478061676,0.3184177279472351,0.4954124987125397,0.2862347960472107,0.6432133913040161,0.7186523079872131,0.7777006030082703,0.7424452900886536,0.7422716021537781,0.8018409013748169,9.84553337097168,0.6720638275146484,0.37125077843666077,0.6019207835197449,8.134958267211914,0.05557410046458244,0.054169490933418274,0.055769458413124084,0.05555202066898346,0.05930948257446289,0.8017626404762268,0.8285703659057617,0.8029028177261353,0.7984101176261902,0.8288335800170898,0.26256266236305237,0.26257947087287903,0.2653362452983856,0.2639302909374237,0.2818957269191742,0.6647875308990479,0.36485105752944946,0.34702691435813904,0.5954878926277161,0.7155769467353821,0.5863357782363892
18,25535,10.306845664978027,9.552343368530273,10.272619247436523,10.30070686340332,9.458333015441895,2.9538161754608154,7.444535732269287,0.048908088356256485,0.04968869313597679,0.04968811944127083,0.049197085201740265,0.05899563431739807,0.7300520539283752,0.7700179815292358,0.7365697026252747,0.7318517565727234,0.7840968370437622,0.233570396900177,0.23686906695365906,0.23642341792583466,0.2348194271326065,0.2630949914455414,,,,,,,,,,,,,,,,,,,,,,,,,,,,,,,,,,,,,,,
19,25549,,,,,,,,,,,,,,,,,,,,,,,6.837797263870016e-05,6.837797263870016e-05,2.2103617993707303e-06,,,,,,,,,,,,,,,,,,,,,,,,,,,,,,,,,,,,
19,25599,,,,,,,,,,,,,,,,,,,,,,,6.826922617619857e-05,6.826922617619857e-05,2.206846602348378e-06,,,,,,,,,,,,,,,,,,,,,,,,,,,,,,,,,,,,
19,25649,,,,,,,,,,,,,,,,,,,,,,,6.8160385126248e-05,6.8160385126248e-05,2.2033282220945694e-06,,,,,,,,,,,,,,,,,,,,,,,,,,,,,,,,,,,,
19,25699,,,,,,,,,,,,,,,,,,,,,,,6.805144221289083e-05,6.805144221289083e-05,2.199806431235629e-06,,,,,,,,,,,,,,,,,,,,,,,,,,,,,,,,,,,,
19,25749,,,,,,,,,,,,,,,,,,,,,,,6.794239743612707e-05,6.794239743612707e-05,2.196281684518908e-06,,,,,,,,,,,,,,,,,,,,,,,,,,,,,,,,,,,,
19,25799,,,,,,,,,,,,,,,,,,,,,,,6.783325807191432e-05,6.783325807191432e-05,2.192753754570731e-06,,,,,,,,,,,,,,,,,,,,,,,,,,,,,,,,,,,,
19,25849,,,,,,,,,,,,,,,,,,,,,,,6.772402412025258e-05,6.772402412025258e-05,2.1892226413910976e-06,,,,,,,,,,,,,,,,,,,,,,,,,,,,,,,,,,,,
19,25899,,,,,,,,,,,,,,,,,,,,,,,6.761468830518425e-05,6.761468830518425e-05,2.185688344980008e-06,,,,,,,,,,,,,,,,,,,,,,,,,,,,,,,,,,,,
19,25949,,,,,,,,,,,,,,,,,,,,,,,6.750525790266693e-05,6.750525790266693e-05,2.182150865337462e-06,,,,,,,,,,,,,,,,,,,,,,,,,,,,,,,,,,,,
19,25999,,,,,,,,,,,,,,,,,,,,,,,6.739573291270062e-05,6.739573291270062e-05,2.1786104298371356e-06,,,,,,,,,,,,,,,,,,,,,,,,,,,,,,,,,,,,
19,26049,,,,,,,,,,,,,,,,,,,,,,,6.728611333528534e-05,6.728611333528534e-05,2.175066811105353e-06,,,,,,,,,,,,,,,,,,,,,,,,,,,,,,,,,,,,
19,26099,,,,,,,,,,,,,,,,,,,,,,,6.717639917042106e-05,6.717639917042106e-05,2.1715202365157893e-06,,,,,,,,,,,,,,,,,,,,,,,,,,,,,,,,,,,,
19,26149,,,,,,,,,,,,,,,,,,,,,,,6.706659041810781e-05,6.706659041810781e-05,2.1679704786947696e-06,,,,,,,,,,,,,,,,,,,,,,,,,,,,,,,,,,,,
19,26199,,,,,,,,,,,,,,,,,,,,,,,6.695668707834557e-05,6.695668707834557e-05,2.1644179923896445e-06,,,,,,,,,,,,,,,,,,,,,,,,,,,,,,,,,,,,
19,26249,,,,,,,,,,,,,,,,,,,,,,,6.684669642709196e-05,6.684669642709196e-05,2.1608623228530632e-06,,,,,,,,,,,,,,,,,,,,,,,,,,,,,,,,,,,,
19,26299,,,,,,,,,,,,,,,,,,,,,,,6.673660391243175e-05,6.673660391243175e-05,2.157303697458701e-06,,,,,,,,,,,,,,,,,,,,,,,,,,,,,,,,,,,,
19,26349,,,,,,,,,,,,,,,,,,,,,,,6.662643136223778e-05,6.662643136223778e-05,2.1537421162065584e-06,,,,,,,,,,,,,,,,,,,,,,,,,,,,,,,,,,,,
19,26399,,,,,,,,,,,,,,,,,,,,,,,6.651615694863722e-05,6.651615694863722e-05,2.150177579096635e-06,,,,,,,,,,,,,,,,,,,,,,,,,,,,,,,,,,,,
19,26449,,,,,,,,,,,,,,,,,,,,,,,6.64058024995029e-05,6.64058024995029e-05,2.1466100861289306e-06,,,,,,,,,,,,,,,,,,,,,,,,,,,,,,,,,,,,
19,26499,,,,,,,,,,,,,,,,,,,,,,,6.629535346291959e-05,6.629535346291959e-05,2.143039864677121e-06,,,,,,,,,,,,,,,,,,,,,,,,,,,,,,,,,,,,
19,26549,,,,,,,,,,,,,,,,,,,,,,,6.61848098388873e-05,6.61848098388873e-05,2.139466459993855e-06,,,,,,,,,,,,,,,,,,,,,,,,,,,,,,,,,,,,
19,26599,,,,,,,,,,,,,,,,,,,,,,,6.607418617932126e-05,6.607418617932126e-05,2.1358905542001594e-06,,,,,,,,,,,,,,,,,,,,,,,,,,,,,,,,,,,,
19,26649,,,,,,,,,,,,,,,,,,,,,,,6.596347520826384e-05,6.596347520826384e-05,2.132311692548683e-06,,,,,,,,,,,,,,,,,,,,,,,,,,,,,,,,,,,,
19,26699,,,,,,,,,,,,,,,,,,,,,,,6.585266964975744e-05,6.585266964975744e-05,2.1287298750394257e-06,,,,,,,,,,,,,,,,,,,,,,,,,,,,,,,,,,,,
19,26749,,,,,,,,,,,,,,,,,,,,,,,6.574178405571729e-05,6.574178405571729e-05,2.125145329046063e-06,,,,,,,,,,,,,,,,,,,,,,,,,,,,,,,,,,,,
19,26799,,,,,,,,,,,,,,,,,,,,,,,6.563081115018576e-05,6.563081115018576e-05,2.1215580545685953e-06,,,,,,,,,,,,,,,,,,,,,,,,,,,,,,,,,,,,
19,26849,,,,,,,,,,,,,,,,,,,,,,,6.551975093316287e-05,6.551975093316287e-05,2.117968051607022e-06,,,,,,,,,,,,,,,,,,,,,,,,,,,,,,,,,,,,
19,26879,,,,,,,,,,,,,,,,,,,,,,,,,,0.3654698431491852,0.3192046284675598,0.4878568649291992,0.29477646946907043,0.644450306892395,0.6988537907600403,0.7341090440750122,0.7033692002296448,0.7073636651039124,0.7507815361022949,10.093771934509277,0.6748409867286682,0.3735496401786804,0.6053563952445984,8.193681716918945,0.055654630064964294,0.056024253368377686,0.05659463256597519,0.055973779410123825,0.0628155842423439,0.80702805519104,0.8237367272377014,0.8078448176383972,0.8063241243362427,0.813260555267334,0.26423776149749756,0.26611945033073425,0.2668931484222412,0.26543354988098145,0.2874009609222412,0.6646993160247803,0.36682695150375366,0.3503328263759613,0.6019705533981323,0.6762664914131165,0.6194830536842346
19,26879,10.625297546386719,10.013652801513672,10.590401649475098,10.579017639160156,9.950929641723633,2.892845869064331,7.348608016967773,0.04834317788481712,0.04933881014585495,0.04916573315858841,0.04859878122806549,0.058820147067308426,0.7190638184547424,0.7529409527778625,0.7239757776260376,0.7204755544662476,0.7663413882255554,0.2317957729101181,0.2355303019285202,0.23466870188713074,0.23286038637161255,0.2623842656612396,,,,,,,,,,,,,,,,,,,,,,,,,,,,,,,,,,,,,,,
20,26899,,,,,,,,,,,,,,,,,,,,,,,6.54086034046486e-05,6.54086034046486e-05,2.114375092787668e-06,,,,,,,,,,,,,,,,,,,,,,,,,,,,,,,,,,,,
20,26949,,,,,,,,,,,,,,,,,,,,,,,6.529737584060058e-05,6.529737584060058e-05,2.1107796328578843e-06,,,,,,,,,,,,,,,,,,,,,,,,,,,,,,,,,,,,
20,26999,,,,,,,,,,,,,,,,,,,,,,,6.518606096506119e-05,6.518606096506119e-05,2.107181444443995e-06,,,,,,,,,,,,,,,,,,,,,,,,,,,,,,,,,,,,
20,27049,,,,,,,,,,,,,,,,,,,,,,,6.507466605398804e-05,6.507466605398804e-05,2.1035805275460007e-06,,,,,,,,,,,,,,,,,,,,,,,,,,,,,,,,,,,,
20,27099,,,,,,,,,,,,,,,,,,,,,,,6.496319110738114e-05,6.496319110738114e-05,2.099976882163901e-06,,,,,,,,,,,,,,,,,,,,,,,,,,,,,,,,,,,,
20,27149,,,,,,,,,,,,,,,,,,,,,,,6.485163612524047e-05,6.485163612524047e-05,2.0963707356713712e-06,,,,,,,,,,,,,,,,,,,,,,,,,,,,,,,,,,,,
20,27199,,,,,,,,,,,,,,,,,,,,,,,6.473999383160844e-05,6.473999383160844e-05,2.0927618606947362e-06,,,,,,,,,,,,,,,,,,,,,,,,,,,,,,,,,,,,
20,27249,,,,,,,,,,,,,,,,,,,,,,,6.462827150244266e-05,6.462827150244266e-05,2.089150257233996e-06,,,,,,,,,,,,,,,,,,,,,,,,,,,,,,,,,,,,
20,27299,,,,,,,,,,,,,,,,,,,,,,,6.451646913774312e-05,6.451646913774312e-05,2.0855363800365012e-06,,,,,,,,,,,,,,,,,,,,,,,,,,,,,,,,,,,,
20,27349,,,,,,,,,,,,,,,,,,,,,,,6.440459401346743e-05,6.440459401346743e-05,2.081919774354901e-06,,,,,,,,,,,,,,,,,,,,,,,,,,,,,,,,,,,,
20,27399,,,,,,,,,,,,,,,,,,,,,,,6.429263157770038e-05,6.429263157770038e-05,2.0783006675628712e-06,,,,,,,,,,,,,,,,,,,,,,,,,,,,,,,,,,,,
20,27449,,,,,,,,,,,,,,,,,,,,,,,6.418059638235718e-05,6.418059638235718e-05,2.074678832286736e-06,,,,,,,,,,,,,,,,,,,,,,,,,,,,,,,,,,,,
20,27499,,,,,,,,,,,,,,,,,,,,,,,6.406848115148023e-05,6.406848115148023e-05,2.0710547232738463e-06,,,,,,,,,,,,,,,,,,,,,,,,,,,,,,,,,,,,
20,27549,,,,,,,,,,,,,,,,,,,,,,,6.395628588506952e-05,6.395628588506952e-05,2.0674281131505268e-06,,,,,,,,,,,,,,,,,,,,,,,,,,,,,,,,,,,,
20,27599,,,,,,,,,,,,,,,,,,,,,,,6.384402513504028e-05,6.384402513504028e-05,2.0637990019167773e-06,,,,,,,,,,,,,,,,,,,,,,,,,,,,,,,,,,,,
20,27649,,,,,,,,,,,,,,,,,,,,,,,6.373167707351968e-05,6.373167707351968e-05,2.060167389572598e-06,,,,,,,,,,,,,,,,,,,,,,,,,,,,,,,,,,,,
20,27699,,,,,,,,,,,,,,,,,,,,,,,6.361926352838054e-05,6.361926352838054e-05,2.0565335034916643e-06,,,,,,,,,,,,,,,,,,,,,,,,,,,,,,,,,,,,
20,27749,,,,,,,,,,,,,,,,,,,,,,,6.350676994770765e-05,6.350676994770765e-05,2.0528971163003007e-06,,,,,,,,,,,,,,,,,,,,,,,,,,,,,,,,,,,,
20,27799,,,,,,,,,,,,,,,,,,,,,,,6.339420360745862e-05,6.339420360745862e-05,2.049258227998507e-06,,,,,,,,,,,,,,,,,,,,,,,,,,,,,,,,,,,,
20,27849,,,,,,,,,,,,,,,,,,,,,,,6.328156450763345e-05,6.328156450763345e-05,2.0456170659599593e-06,,,,,,,,,,,,,,,,,,,,,,,,,,,,,,,,,,,,
20,27899,,,,,,,,,,,,,,,,,,,,,,,6.316885264823213e-05,6.316885264823213e-05,2.041973630184657e-06,,,,,,,,,,,,,,,,,,,,,,,,,,,,,,,,,,,,
20,27949,,,,,,,,,,,,,,,,,,,,,,,6.305606802925467e-05,6.305606802925467e-05,2.0383276932989247e-06,,,,,,,,,,,,,,,,,,,,,,,,,,,,,,,,,,,,
20,27999,,,,,,,,,,,,,,,,,,,,,,,6.294321065070108e-05,6.294321065070108e-05,2.0346797100501135e-06,,,,,,,,,,,,,,,,,,,,,,,,,,,,,,,,,,,,
20,28049,,,,,,,,,,,,,,,,,,,,,,,6.283028051257133e-05,6.283028051257133e-05,2.0310292256908724e-06,,,,,,,,,,,,,,,,,,,,,,,,,,,,,,,,,,,,
20,28099,,,,,,,,,,,,,,,,,,,,,,,6.271728489082307e-05,6.271728489082307e-05,2.027376467594877e-06,,,,,,,,,,,,,,,,,,,,,,,,,,,,,,,,,,,,
20,28149,,,,,,,,,,,,,,,,,,,,,,,6.260422378545627e-05,6.260422378545627e-05,2.0237216631358024e-06,,,,,,,,,,,,,,,,,,,,,,,,,,,,,,,,,,,,
20,28199,,,,,,,,,,,,,,,,,,,,,,,6.249108992051333e-05,6.249108992051333e-05,2.0200645849399734e-06,,,,,,,,,,,,,,,,,,,,,,,,,,,,,,,,,,,,
20,28223,,,,,,,,,,,,,,,,,,,,,,,,,,0.3532954454421997,0.31487733125686646,0.49072301387786865,0.2865827977657318,0.6434913277626038,0.6372004151344299,0.6778395175933838,0.6429315805435181,0.6372004151344299,0.6837443709373474,10.014728546142578,0.6694509983062744,0.3716106414794922,0.6067115664482117,8.389479637145996,0.055902305990457535,0.05627920478582382,0.05607043206691742,0.056066859513521194,0.06155988574028015,0.8494303822517395,0.8627203106880188,0.8465021252632141,0.846443772315979,0.850988507270813,0.26462236046791077,0.2680322825908661,0.26800674200057983,0.2655368149280548,0.28580397367477417,0.6550831198692322,0.36136963963508606,0.3450278639793396,0.6072621941566467,0.6844606995582581,0.6085890531539917
20,28223,10.859635353088379,10.142857551574707,10.791666984558105,10.826339721679688,10.0974702835083,2.8257088661193848,7.24883508682251,0.04730363190174103,0.04822017252445221,0.04783095419406891,0.04754263907670975,0.05790895223617554,0.711489737033844,0.7481692433357239,0.7192147374153137,0.7129512429237366,0.7618083357810974,0.22792896628379822,0.23105300962924957,0.23022650182247162,0.22913098335266113,0.25724828243255615,,,,,,,,,,,,,,,,,,,,,,,,,,,,,,,,,,,,,,,
21,28249,,,,,,,,,,,,,,,,,,,,,,,6.237788329599425e-05,6.237788329599425e-05,2.01640523300739e-06,,,,,,,,,,,,,,,,,,,,,,,,,,,,,,,,,,,,
21,28299,,,,,,,,,,,,,,,,,,,,,,,6.226461118785664e-05,6.226461118785664e-05,2.0127436073380522e-06,,,,,,,,,,,,,,,,,,,,,,,,,,,,,,,,,,,,
21,28349,,,,,,,,,,,,,,,,,,,,,,,6.215127359610051e-05,6.215127359610051e-05,2.0090799353056354e-06,,,,,,,,,,,,,,,,,,,,,,,,,,,,,,,,,,,,
21,28399,,,,,,,,,,,,,,,,,,,,,,,6.203787052072585e-05,6.203787052072585e-05,2.0054139895364642e-06,,,,,,,,,,,,,,,,,,,,,,,,,,,,,,,,,,,,
21,28449,,,,,,,,,,,,,,,,,,,,,,,6.192440196173266e-05,6.192440196173266e-05,2.001745997404214e-06,,,,,,,,,,,,,,,,,,,,,,,,,,,,,,,,,,,,
21,28499,,,,,,,,,,,,,,,,,,,,,,,6.181086791912094e-05,6.181086791912094e-05,1.9980759589088848e-06,,,,,,,,,,,,,,,,,,,,,,,,,,,,,,,,,,,,
21,28549,,,,,,,,,,,,,,,,,,,,,,,6.169726839289069e-05,6.169726839289069e-05,1.9944038740504766e-06,,,,,,,,,,,,,,,,,,,,,,,,,,,,,,,,,,,,
21,28599,,,,,,,,,,,,,,,,,,,,,,,6.158360338304192e-05,6.158360338304192e-05,1.990729515455314e-06,,,,,,,,,,,,,,,,,,,,,,,,,,,,,,,,,,,,
21,28649,,,,,,,,,,,,,,,,,,,,,,,6.146988016553223e-05,6.146988016553223e-05,1.9870533378707478e-06,,,,,,,,,,,,,,,,,,,,,,,,,,,,,,,,,,,,
21,28699,,,,,,,,,,,,,,,,,,,,,,,6.135609146440402e-05,6.135609146440402e-05,1.983374886549427e-06,,,,,,,,,,,,,,,,,,,,,,,,,,,,,,,,,,,,
21,28749,,,,,,,,,,,,,,,,,,,,,,,6.124223727965727e-05,6.124223727965727e-05,1.979694616238703e-06,,,,,,,,,,,,,,,,,,,,,,,,,,,,,,,,,,,,
21,28799,,,,,,,,,,,,,,,,,,,,,,,6.112832488724962e-05,6.112832488724962e-05,1.9760122995649e-06,,,,,,,,,,,,,,,,,,,,,,,,,,,,,,,,,,,,
21,28849,,,,,,,,,,,,,,,,,,,,,,,6.101435064920224e-05,6.101435064920224e-05,1.972328163901693e-06,,,,,,,,,,,,,,,,,,,,,,,,,,,,,,,,,,,,
21,28899,,,,,,,,,,,,,,,,,,,,,,,6.090031820349395e-05,6.090031820349395e-05,1.9686419818754075e-06,,,,,,,,,,,,,,,,,,,,,,,,,,,,,,,,,,,,
21,28949,,,,,,,,,,,,,,,,,,,,,,,6.078622391214594e-05,6.078622391214594e-05,1.964953753486043e-06,,,,,,,,,,,,,,,,,,,,,,,,,,,,,,,,,,,,
21,28999,,,,,,,,,,,,,,,,,,,,,,,6.067207141313702e-05,6.067207141313702e-05,1.9612637061072746e-06,,,,,,,,,,,,,,,,,,,,,,,,,,,,,,,,,,,,
21,29049,,,,,,,,,,,,,,,,,,,,,,,6.055786070646718e-05,6.055786070646718e-05,1.957571839739103e-06,,,,,,,,,,,,,,,,,,,,,,,,,,,,,,,,,,,,
21,29099,,,,,,,,,,,,,,,,,,,,,,,6.044359543011524e-05,6.044359543011524e-05,1.953877927007852e-06,,,,,,,,,,,,,,,,,,,,,,,,,,,,,,,,,,,,
21,29149,,,,,,,,,,,,,,,,,,,,,,,6.0329268308123574e-05,6.0329268308123574e-05,1.9501824226608733e-06,,,,,,,,,,,,,,,,,,,,,,,,,,,,,,,,,,,,
21,29199,,,,,,,,,,,,,,,,,,,,,,,6.02148866164498e-05,6.02148866164498e-05,1.9464848719508154e-06,,,,,,,,,,,,,,,,,,,,,,,,,,,,,,,,,,,,
21,29249,,,,,,,,,,,,,,,,,,,,,,,6.0100450355093926e-05,6.0100450355093926e-05,1.942785502251354e-06,,,,,,,,,,,,,,,,,,,,,,,,,,,,,,,,,,,,
21,29299,,,,,,,,,,,,,,,,,,,,,,,5.9985955886077136e-05,5.9985955886077136e-05,1.9390845409361646e-06,,,,,,,,,,,,,,,,,,,,,,,,,,,,,,,,,,,,
21,29349,,,,,,,,,,,,,,,,,,,,,,,5.9871410485357046e-05,5.9871410485357046e-05,1.9353817606315715e-06,,,,,,,,,,,,,,,,,,,,,,,,,,,,,,,,,,,,
21,29399,,,,,,,,,,,,,,,,,,,,,,,5.975680687697604e-05,5.975680687697604e-05,1.931677161337575e-06,,,,,,,,,,,,,,,,,,,,,,,,,,,,,,,,,,,,
21,29449,,,,,,,,,,,,,,,,,,,,,,,5.964215597487055e-05,5.964215597487055e-05,1.9279709704278503e-06,,,,,,,,,,,,,,,,,,,,,,,,,,,,,,,,,,,,
21,29499,,,,,,,,,,,,,,,,,,,,,,,5.952744686510414e-05,5.952744686510414e-05,1.924262960528722e-06,,,,,,,,,,,,,,,,,,,,,,,,,,,,,,,,,,,,
21,29549,,,,,,,,,,,,,,,,,,,,,,,5.941268682363443e-05,5.941268682363443e-05,1.9205533590138657e-06,,,,,,,,,,,,,,,,,,,,,,,,,,,,,,,,,,,,
21,29567,,,,,,,,,,,,,,,,,,,,,,,,,,0.3593466281890869,0.31703972816467285,0.48876622319221497,0.28918173909187317,0.6487630009651184,0.6740187406539917,0.7266411781311035,0.6877387762069702,0.6740187406539917,0.7308093309402466,9.929359436035156,0.6700241565704346,0.37006857991218567,0.6066986322402954,8.221796989440918,0.05578843876719475,0.056025270372629166,0.05672989785671234,0.05642804130911827,0.06206592917442322,0.8148110508918762,0.8279217481613159,0.8100160360336304,0.8133955001831055,0.8152721524238586,0.2654617726802826,0.2665466070175171,0.2681821882724762,0.26711201667785645,0.2852926552295685,0.6594833731651306,0.36358359456062317,0.34957006573677063,0.6062758564949036,0.7020571231842041,0.6062992215156555
21,29567,11.075966835021973,10.393192291259766,11.046354293823242,11.064359664916992,10.489025115966797,2.9471306800842285,7.161843299865723,0.04701067879796028,0.048083603382110596,0.04776066541671753,0.047259438782930374,0.0575203001499176,0.6984164118766785,0.7329903244972229,0.7038022875785828,0.6995590925216675,0.7452213764190674,0.22687621414661407,0.23064887523651123,0.2296552211046219,0.2278880774974823,0.2567720413208008,,,,,,,,,,,,,,,,,,,,,,,,,,,,,,,,,,,,,,,
22,29599,,,,,,,,,,,,,,,,,,,,,,,5.9297875850461423e-05,5.9297875850461423e-05,1.916841938509606e-06,,,,,,,,,,,,,,,,,,,,,,,,,,,,,,,,,,,,
22,29649,,,,,,,,,,,,,,,,,,,,,,,5.918301394558512e-05,5.918301394558512e-05,1.913128926389618e-06,,,,,,,,,,,,,,,,,,,,,,,,,,,,,,,,,,,,
22,29699,,,,,,,,,,,,,,,,,,,,,,,5.906810474698432e-05,5.906810474698432e-05,1.9094143226539018e-06,,,,,,,,,,,,,,,,,,,,,,,,,,,,,,,,,,,,
22,29749,,,,,,,,,,,,,,,,,,,,,,,5.895314097870141e-05,5.895314097870141e-05,1.9056981273024576e-06,,,,,,,,,,,,,,,,,,,,,,,,,,,,,,,,,,,,
22,29799,,,,,,,,,,,,,,,,,,,,,,,5.883813355467282e-05,5.883813355467282e-05,1.901980454022123e-06,,,,,,,,,,,,,,,,,,,,,,,,,,,,,,,,,,,,
22,29849,,,,,,,,,,,,,,,,,,,,,,,5.872307519894093e-05,5.872307519894093e-05,1.8982610754392226e-06,,,,,,,,,,,,,,,,,,,,,,,,,,,,,,,,,,,,
22,29899,,,,,,,,,,,,,,,,,,,,,,,5.860796954948455e-05,5.860796954948455e-05,1.8945402189274319e-06,,,,,,,,,,,,,,,,,,,,,,,,,,,,,,,,,,,,
22,29949,,,,,,,,,,,,,,,,,,,,,,,5.849281660630368e-05,5.849281660630368e-05,1.890817770799913e-06,,,,,,,,,,,,,,,,,,,,,,,,,,,,,,,,,,,,
22,29999,,,,,,,,,,,,,,,,,,,,,,,5.837761636939831e-05,5.837761636939831e-05,1.8870938447435037e-06,,,,,,,,,,,,,,,,,,,,,,,,,,,,,,,,,,,,
22,30049,,,,,,,,,,,,,,,,,,,,,,,5.826236883876845e-05,5.826236883876845e-05,1.8833685544450418e-06,,,,,,,,,,,,,,,,,,,,,,,,,,,,,,,,,,,,
22,30099,,,,,,,,,,,,,,,,,,,,,,,5.8147081290371716e-05,5.8147081290371716e-05,1.8796416725308518e-06,,,,,,,,,,,,,,,,,,,,,,,,,,,,,,,,,,,,
22,30149,,,,,,,,,,,,,,,,,,,,,,,5.803174644825049e-05,5.803174644825049e-05,1.8759134263746091e-06,,,,,,,,,,,,,,,,,,,,,,,,,,,,,,,,,,,,
22,30199,,,,,,,,,,,,,,,,,,,,,,,5.7916367950383574e-05,5.7916367950383574e-05,1.872183702289476e-06,,,,,,,,,,,,,,,,,,,,,,,,,,,,,,,,,,,,
22,30249,,,,,,,,,,,,,,,,,,,,,,,5.7800945796770975e-05,5.7800945796770975e-05,1.8684526139622903e-06,,,,,,,,,,,,,,,,,,,,,,,,,,,,,,,,,,,,
22,30299,,,,,,,,,,,,,,,,,,,,,,,5.768547998741269e-05,5.768547998741269e-05,1.864720161393052e-06,,,,,,,,,,,,,,,,,,,,,,,,,,,,,,,,,,,,
22,30349,,,,,,,,,,,,,,,,,,,,,,,5.756997416028753e-05,5.756997416028753e-05,1.860986344581761e-06,,,,,,,,,,,,,,,,,,,,,,,,,,,,,,,,,,,,
22,30399,,,,,,,,,,,,,,,,,,,,,,,5.745442467741668e-05,5.745442467741668e-05,1.8572511635284172e-06,,,,,,,,,,,,,,,,,,,,,,,,,,,,,,,,,,,,
22,30449,,,,,,,,,,,,,,,,,,,,,,,5.733883517677896e-05,5.733883517677896e-05,1.8535146182330209e-06,,,,,,,,,,,,,,,,,,,,,,,,,,,,,,,,,,,,
22,30499,,,,,,,,,,,,,,,,,,,,,,,5.7223205658374354e-05,5.7223205658374354e-05,1.8497769360692473e-06,,,,,,,,,,,,,,,,,,,,,,,,,,,,,,,,,,,,
22,30549,,,,,,,,,,,,,,,,,,,,,,,5.710753976018168e-05,5.710753976018168e-05,1.846037889663421e-06,,,,,,,,,,,,,,,,,,,,,,,,,,,,,,,,,,,,
22,30599,,,,,,,,,,,,,,,,,,,,,,,5.699183020624332e-05,5.699183020624332e-05,1.8422974790155422e-06,,,,,,,,,,,,,,,,,,,,,,,,,,,,,,,,,,,,
22,30649,,,,,,,,,,,,,,,,,,,,,,,5.68760879104957e-05,5.68760879104957e-05,1.8385560451861238e-06,,,,,,,,,,,,,,,,,,,,,,,,,,,,,,,,,,,,
22,30699,,,,,,,,,,,,,,,,,,,,,,,5.676030195900239e-05,5.676030195900239e-05,1.8348132471146528e-06,,,,,,,,,,,,,,,,,,,,,,,,,,,,,,,,,,,,
22,30749,,,,,,,,,,,,,,,,,,,,,,,5.664448326569982e-05,5.664448326569982e-05,1.8310693121748045e-06,,,,,,,,,,,,,,,,,,,,,,,,,,,,,,,,,,,,
22,30799,,,,,,,,,,,,,,,,,,,,,,,5.6528628192609176e-05,5.6528628192609176e-05,1.8273241266797413e-06,,,,,,,,,,,,,,,,,,,,,,,,,,,,,,,,,,,,
22,30849,,,,,,,,,,,,,,,,,,,,,,,5.641273673973046e-05,5.641273673973046e-05,1.8235779180031386e-06,,,,,,,,,,,,,,,,,,,,,,,,,,,,,,,,,,,,
22,30899,,,,,,,,,,,,,,,,,,,,,,,5.629680890706368e-05,5.629680890706368e-05,1.819830458771321e-06,,,,,,,,,,,,,,,,,,,,,,,,,,,,,,,,,,,,
22,30911,,,,,,,,,,,,,,,,,,,,,,,,,,0.3595382571220398,0.3117201328277588,0.4896494150161743,0.29354146122932434,0.6443164944648743,0.7014588117599487,0.7417505979537964,0.7103160619735718,0.7084056735038757,0.7721431255340576,10.148666381835938,0.6684986352920532,0.3701687455177307,0.6060735583305359,8.259615898132324,0.056255027651786804,0.05549504980444908,0.056231871247291565,0.05626126006245613,0.06127738952636719,0.8167830109596252,0.8440537452697754,0.8205652832984924,0.8201167583465576,0.8256250619888306,0.2656649053096771,0.26637619733810425,0.2676839530467987,0.2662269175052643,0.28648442029953003,0.6592118740081787,0.3636123239994049,0.35073235630989075,0.6008436679840088,0.671496570110321,0.6235736608505249
22,30911,11.288727760314941,10.694977760314941,11.217001914978027,11.276153564453125,10.756399154663086,2.600053071975708,7.090545177459717,0.04656454548239708,0.04756484553217888,0.047172583639621735,0.04688185453414917,0.056452441960573196,0.6918219327926636,0.7251598834991455,0.6976613998413086,0.6927815675735474,0.7373130321502686,0.22501152753829956,0.22880709171295166,0.22758617997169495,0.22608672082424164,0.2538185119628906,,,,,,,,,,,,,,,,,,,,,,,,,,,,,,,,,,,,,,,
23,30949,,,,,,,,,,,,,,,,,,,,,,,5.618084833258763e-05,5.618084833258763e-05,1.8160819763579639e-06,,,,,,,,,,,,,,,,,,,,,,,,,,,,,,,,,,,,
23,30999,,,,,,,,,,,,,,,,,,,,,,,5.606485137832351e-05,5.606485137832351e-05,1.8123323570762295e-06,,,,,,,,,,,,,,,,,,,,,,,,,,,,,,,,,,,,
23,31049,,,,,,,,,,,,,,,,,,,,,,,5.5948825320228934e-05,5.5948825320228934e-05,1.808581600926118e-06,,,,,,,,,,,,,,,,,,,,,,,,,,,,,,,,,,,,
23,31099,,,,,,,,,,,,,,,,,,,,,,,5.583276288234629e-05,5.583276288234629e-05,1.8048299352813046e-06,,,,,,,,,,,,,,,,,,,,,,,,,,,,,,,,,,,,
23,31149,,,,,,,,,,,,,,,,,,,,,,,5.5716671340633184e-05,5.5716671340633184e-05,1.801077132768114e-06,,,,,,,,,,,,,,,,,,,,,,,,,,,,,,,,,,,,
23,31199,,,,,,,,,,,,,,,,,,,,,,,5.5600547057110816e-05,5.5600547057110816e-05,1.797323307073384e-06,,,,,,,,,,,,,,,,,,,,,,,,,,,,,,,,,,,,
23,31249,,,,,,,,,,,,,,,,,,,,,,,5.548439366975799e-05,5.548439366975799e-05,1.7935685718839522e-06,,,,,,,,,,,,,,,,,,,,,,,,,,,,,,,,,,,,
23,31299,,,,,,,,,,,,,,,,,,,,,,,5.5368207540595904e-05,5.5368207540595904e-05,1.789812813512981e-06,,,,,,,,,,,,,,,,,,,,,,,,,,,,,,,,,,,,
23,31349,,,,,,,,,,,,,,,,,,,,,,,5.525199230760336e-05,5.525199230760336e-05,1.7860561456473079e-06,,,,,,,,,,,,,,,,,,,,,,,,,,,,,,,,,,,,
23,31399,,,,,,,,,,,,,,,,,,,,,,,5.5135751608759165e-05,5.5135751608759165e-05,1.782298568286933e-06,,,,,,,,,,,,,,,,,,,,,,,,,,,,,,,,,,,,
23,31449,,,,,,,,,,,,,,,,,,,,,,,5.5019481806084514e-05,5.5019481806084514e-05,1.7785400814318564e-06,,,,,,,,,,,,,,,,,,,,,,,,,,,,,,,,,,,,
23,31499,,,,,,,,,,,,,,,,,,,,,,,5.4903182899579406e-05,5.4903182899579406e-05,1.774780685082078e-06,,,,,,,,,,,,,,,,,,,,,,,,,,,,,,,,,,,,
23,31549,,,,,,,,,,,,,,,,,,,,,,,5.478685852722265e-05,5.478685852722265e-05,1.7710203792375978e-06,,,,,,,,,,,,,,,,,,,,,,,,,,,,,,,,,,,,
23,31599,,,,,,,,,,,,,,,,,,,,,,,5.467050868901424e-05,5.467050868901424e-05,1.7672592775852536e-06,,,,,,,,,,,,,,,,,,,,,,,,,,,,,,,,,,,,
23,31649,,,,,,,,,,,,,,,,,,,,,,,5.455412974697538e-05,5.455412974697538e-05,1.7634972664382076e-06,,,,,,,,,,,,,,,,,,,,,,,,,,,,,,,,,,,,
23,31699,,,,,,,,,,,,,,,,,,,,,,,5.443772897706367e-05,5.443772897706367e-05,1.7597345731701353e-06,,,,,,,,,,,,,,,,,,,,,,,,,,,,,,,,,,,,
23,31749,,,,,,,,,,,,,,,,,,,,,,,5.432130637927912e-05,5.432130637927912e-05,1.7559710840941989e-06,,,,,,,,,,,,,,,,,,,,,,,,,,,,,,,,,,,,
23,31799,,,,,,,,,,,,,,,,,,,,,,,5.4204854677664116e-05,5.4204854677664116e-05,1.7522067992103985e-06,,,,,,,,,,,,,,,,,,,,,,,,,,,,,,,,,,,,
23,31849,,,,,,,,,,,,,,,,,,,,,,,5.4088384786155075e-05,5.4088384786155075e-05,1.748441718518734e-06,,,,,,,,,,,,,,,,,,,,,,,,,,,,,,,,,,,,
23,31899,,,,,,,,,,,,,,,,,,,,,,,5.3971889428794384e-05,5.3971889428794384e-05,1.7446759557060432e-06,,,,,,,,,,,,,,,,,,,,,,,,,,,,,,,,,,,,
23,31949,,,,,,,,,,,,,,,,,,,,,,,5.385537224356085e-05,5.385537224356085e-05,1.740909510772326e-06,,,,,,,,,,,,,,,,,,,,,,,,,,,,,,,,,,,,
23,31999,,,,,,,,,,,,,,,,,,,,,,,5.373883686843328e-05,5.373883686843328e-05,1.7371423837175826e-06,,,,,,,,,,,,,,,,,,,,,,,,,,,,,,,,,,,,
23,32049,,,,,,,,,,,,,,,,,,,,,,,5.362227966543287e-05,5.362227966543287e-05,1.7333745745418128e-06,,,,,,,,,,,,,,,,,,,,,,,,,,,,,,,,,,,,
23,32099,,,,,,,,,,,,,,,,,,,,,,,5.3505700634559616e-05,5.3505700634559616e-05,1.7296060832450166e-06,,,,,,,,,,,,,,,,,,,,,,,,,,,,,,,,,,,,
23,32149,,,,,,,,,,,,,,,,,,,,,,,5.338910341379233e-05,5.338910341379233e-05,1.725837023514032e-06,,,,,,,,,,,,,,,,,,,,,,,,,,,,,,,,,,,,
23,32199,,,,,,,,,,,,,,,,,,,,,,,5.3272488003131e-05,5.3272488003131e-05,1.7220673953488586e-06,,,,,,,,,,,,,,,,,,,,,,,,,,,,,,,,,,,,
23,32249,,,,,,,,,,,,,,,,,,,,,,,5.315585440257564e-05,5.315585440257564e-05,1.7182971987494966e-06,,,,,,,,,,,,,,,,,,,,,,,,,,,,,,,,,,,,
23,32255,,,,,,,,,,,,,,,,,,,,,,,,,,0.35205182433128357,0.31079402565956116,0.49146783351898193,0.2908690273761749,0.6478739380836487,0.6582146286964417,0.6941646337509155,0.6644668579101562,0.6589093208312988,0.6985064148902893,9.746031761169434,0.6646435260772705,0.3673118054866791,0.6013132929801941,8.34147834777832,0.057548049837350845,0.057033706456422806,0.05759402737021446,0.057791780680418015,0.06200992316007614,0.822345495223999,0.8444341421127319,0.8213962316513062,0.8227551579475403,0.8304203152656555,0.27035751938819885,0.269637793302536,0.27166759967803955,0.2704557478427887,0.28800010681152344,0.6587124466896057,0.3612956702709198,0.34645262360572815,0.6022618412971497,0.6803338527679443,0.6207672357559204
23,32255,11.439620971679688,10.76168155670166,11.353795051574707,11.362574577331543,10.817373275756836,2.586832046508789,7.009456157684326,0.04605388268828392,0.04706889018416405,0.04668828099966049,0.046181198209524155,0.05588938295841217,0.6784483194351196,0.7139904499053955,0.684484601020813,0.680391788482666,0.7278053760528564,0.2243584841489792,0.22854334115982056,0.22688835859298706,0.2249290645122528,0.2527419626712799,,,,,,,,,,,,,,,,,,,,,,,,,,,,,,,,,,,,,,,
24,32299,,,,,,,,,,,,,,,,,,,,,,,5.303920625010505e-05,5.303920625010505e-05,1.7145263200291083e-06,,,,,,,,,,,,,,,,,,,,,,,,,,,,,,,,,,,,
24,32349,,,,,,,,,,,,,,,,,,,,,,,5.292253990774043e-05,5.292253990774043e-05,1.7107549865613692e-06,,,,,,,,,,,,,,,,,,,,,,,,,,,,,,,,,,,,
24,32399,,,,,,,,,,,,,,,,,,,,,,,5.280585537548177e-05,5.280585537548177e-05,1.706983198346279e-06,,,,,,,,,,,,,,,,,,,,,,,,,,,,,,,,,,,,
24,32449,,,,,,,,,,,,,,,,,,,,,,,5.268915629130788e-05,5.268915629130788e-05,1.7032108416970004e-06,,,,,,,,,,,,,,,,,,,,,,,,,,,,,,,,,,,,
24,32499,,,,,,,,,,,,,,,,,,,,,,,5.257244629319757e-05,5.257244629319757e-05,1.6994380303003709e-06,,,,,,,,,,,,,,,,,,,,,,,,,,,,,,,,,,,,
24,32549,,,,,,,,,,,,,,,,,,,,,,,5.245571810519323e-05,5.245571810519323e-05,1.6956647641563904e-06,,,,,,,,,,,,,,,,,,,,,,,,,,,,,,,,,,,,
24,32599,,,,,,,,,,,,,,,,,,,,,,,5.233897900325246e-05,5.233897900325246e-05,1.6918910432650591e-06,,,,,,,,,,,,,,,,,,,,,,,,,,,,,,,,,,,,
24,32649,,,,,,,,,,,,,,,,,,,,,,,5.222222534939647e-05,5.222222534939647e-05,1.6881169813132146e-06,,,,,,,,,,,,,,,,,,,,,,,,,,,,,,,,,,,,
24,32699,,,,,,,,,,,,,,,,,,,,,,,5.210546078160405e-05,5.210546078160405e-05,1.6843424646140193e-06,,,,,,,,,,,,,,,,,,,,,,,,,,,,,,,,,,,,
24,32749,,,,,,,,,,,,,,,,,,,,,,,5.198868166189641e-05,5.198868166189641e-05,1.6805676068543107e-06,,,,,,,,,,,,,,,,,,,,,,,,,,,,,,,,,,,,
24,32799,,,,,,,,,,,,,,,,,,,,,,,5.187189526623115e-05,5.187189526623115e-05,1.6767922943472513e-06,,,,,,,,,,,,,,,,,,,,,,,,,,,,,,,,,,,,
24,32849,,,,,,,,,,,,,,,,,,,,,,,5.175509795662947e-05,5.175509795662947e-05,1.6730167544665164e-06,,,,,,,,,,,,,,,,,,,,,,,,,,,,,,,,,,,,
24,32899,,,,,,,,,,,,,,,,,,,,,,,5.163828973309137e-05,5.163828973309137e-05,1.6692408735252684e-06,,,,,,,,,,,,,,,,,,,,,,,,,,,,,,,,,,,,
24,32949,,,,,,,,,,,,,,,,,,,,,,,5.1521474233595654e-05,5.1521474233595654e-05,1.665464765210345e-06,,,,,,,,,,,,,,,,,,,,,,,,,,,,,,,,,,,,
24,32999,,,,,,,,,,,,,,,,,,,,,,,5.140464782016352e-05,5.140464782016352e-05,1.6616883158349083e-06,,,,,,,,,,,,,,,,,,,,,,,,,,,,,,,,,,,,
24,33049,,,,,,,,,,,,,,,,,,,,,,,5.1287817768752575e-05,5.1287817768752575e-05,1.6579116390857962e-06,,,,,,,,,,,,,,,,,,,,,,,,,,,,,,,,,,,,
24,33099,,,,,,,,,,,,,,,,,,,,,,,5.117097680340521e-05,5.117097680340521e-05,1.6541347349630087e-06,,,,,,,,,,,,,,,,,,,,,,,,,,,,,,,,,,,,
24,33149,,,,,,,,,,,,,,,,,,,,,,,5.105413220007904e-05,5.105413220007904e-05,1.6503576034665457e-06,,,,,,,,,,,,,,,,,,,,,,,,,,,,,,,,,,,,
24,33199,,,,,,,,,,,,,,,,,,,,,,,5.093728032079525e-05,5.093728032079525e-05,1.6465802445964073e-06,,,,,,,,,,,,,,,,,,,,,,,,,,,,,,,,,,,,
24,33249,,,,,,,,,,,,,,,,,,,,,,,5.082042480353266e-05,5.082042480353266e-05,1.6428027720394311e-06,,,,,,,,,,,,,,,,,,,,,,,,,,,,,,,,,,,,
24,33299,,,,,,,,,,,,,,,,,,,,,,,5.070356201031245e-05,5.070356201031245e-05,1.6390251857956173e-06,,,,,,,,,,,,,,,,,,,,,,,,,,,,,,,,,,,,
24,33349,,,,,,,,,,,,,,,,,,,,,,,5.0586699217092246e-05,5.0586699217092246e-05,1.6352474858649657e-06,,,,,,,,,,,,,,,,,,,,,,,,,,,,,,,,,,,,
24,33399,,,,,,,,,,,,,,,,,,,,,,,5.0469829147914425e-05,5.0469829147914425e-05,1.6314696722474764e-06,,,,,,,,,,,,,,,,,,,,,,,,,,,,,,,,,,,,
24,33449,,,,,,,,,,,,,,,,,,,,,,,5.03529590787366e-05,5.03529590787366e-05,1.6276917449431494e-06,,,,,,,,,,,,,,,,,,,,,,,,,,,,,,,,,,,,
24,33499,,,,,,,,,,,,,,,,,,,,,,,5.0236085371579975e-05,5.0236085371579975e-05,1.6239137039519846e-06,,,,,,,,,,,,,,,,,,,,,,,,,,,,,,,,,,,,
24,33549,,,,,,,,,,,,,,,,,,,,,,,5.0119211664423347e-05,5.0119211664423347e-05,1.62013566296082e-06,,,,,,,,,,,,,,,,,,,,,,,,,,,,,,,,,,,,
24,33599,,,,,,,,,,,,,,,,,,,,,,,5.000233795726672e-05,5.000233795726672e-05,1.6163576219696552e-06,,,,,,,,,,,,,,,,,,,,,,,,,,,,,,,,,,,,
24,33599,,,,,,,,,,,,,,,,,,,,,,,,,,0.3575626611709595,0.3150489926338196,0.48148658871650696,0.2906509041786194,0.6456862688064575,0.6597777009010315,0.6750608086585999,0.6651614904403687,0.6536992192268372,0.7071899771690369,10.61817741394043,0.6645838618278503,0.368274986743927,0.6041296720504761,8.393824577331543,0.057564977556467056,0.05715246498584747,0.05804453045129776,0.05796108394861221,0.06305626779794693,0.8370423913002014,0.8524966835975647,0.834222674369812,0.8394870758056641,0.8299623727798462,0.2675999701023102,0.26956799626350403,0.2705075144767761,0.2689509689807892,0.28922998905181885,0.6554437279701233,0.36118727922439575,0.3475925624370575,0.5989094972610474,0.6843483448028564,0.6124383807182312
24,33599,11.585528373718262,10.92593002319336,11.490960121154785,11.545498847961426,10.899590492248535,2.3485727310180664,6.948868274688721,0.04546917974948883,0.04635416343808174,0.04600447416305542,0.045618146657943726,0.05554993450641632,0.6741243004798889,0.7094892859458923,0.6809369921684265,0.6759222149848938,0.7231045961380005,0.2220904529094696,0.22542743384838104,0.2243342101573944,0.22277799248695374,0.2505239248275757,,,,,,,,,,,,,,,,,,,,,,,,,,,,,,,,,,,,,,,
